Defina impedância acústica (Z) e explique sua importância na sísmica de reflexão.;Z = ρ·V (densidade × velocidade). Um refletor sísmico se forma em qualquer interface com contraste de impedância entre duas camadas.
Qual é a fórmula do coeficiente de reflexão (RC) e o que ele representa?;RC = (Z₂ − Z₁) / (Z₂ + Z₁). É a razão de AMPLITUDES refletidas em incidência normal (não a razão de energias, que é RC²).
Se RC = 0,1, qual é a percentagem de amplitude e de energia refletidas?;Amplitude refletida: 10%. Energia refletida: 1% (porque a energia refletida é RC² = 0,01).
O que distingue um refletor sísmico de um contato litológico?;Um refletor marca um contraste de impedância acústica (Z), não necessariamente uma mudança de litologia. Dois folhelhos de impedâncias semelhantes, separados por uma discordância de milhões de anos, podem não gerar refletor nenhum.
O que é cobertura múltipla (CMP) e por que ela é fundamental na aquisição sísmica?;Pares fonte-receptor em posições diferentes que compartilham o mesmo ponto médio em subsuperfície são registrados e empilhados, reforçando o sinal coerente e atenuando o ruído aleatório.
Cite os três processos principais da cadeia de processamento sísmico, em ordem.;1. Deconvolução (comprime o pulso da fonte, melhora resolução vertical); 2. NMO e empilhamento (alinha traços de CMP); 3. Migração (reposiciona geometricamente os refletores).
Quando aplicamos a deconvolução na cadeia de processamento — antes ou depois do empilhamento?;Antes do empilhamento, sobre os traços individuais.
O que é o artefato de "bow-tie" e qual geometria o produz?;É o artefato de foco enterrado, produzido especificamente por um sinclinal fechado cuja curvatura excede a da frente de onda. Aparece como duas falsas antiformas cruzadas no dado não migrado.
Qual é o limite de Widess (1973) para a resolução sísmica vertical e o que ele representa?;λ/8 (aproximadamente). Abaixo dele, a forma de onda composta estabiliza e apenas a amplitude continua variando com a espessura.
Qual é o critério de Rayleigh (espessura de sintonia) e o que marca?;λ/4 (aproximadamente). É o limiar de separação visual: abaixo dele, as reflexões de topo e base não são mais separáveis visualmente e interferem num único refletor composto.
Por que λ/4 (Rayleigh) não é o limite de Widess λ/8? Quais são as implicações práticas de cada um?;Rayleigh (λ/4) é onde topo e base deixam de ser vistos separadamente na seção; Widess (λ/8) é onde a forma de onda deixa de mudar. Na prática, "resolução vertical" refere-se a Rayleigh. Camadas entre os dois limiares ainda modulam a amplitude.
O que é a zona de Fresnel e como ela controla a resolução horizontal sísmica?;Área da interface refletora que efetivamente contribui, de forma coerente, para a reflexão registrada. Seu raio cresce com profundidade e comprimento de onda. A migração reduz o tamanho efetivo da zona de Fresnel.
Como a resolução sísmica muda com a profundidade?;A resolução vertical piora sistematicamente com a profundidade: altas frequências são absorvidas preferentemente pela rocha, reduzindo a frequência média útil em camadas profundas.
O que é um perfil sônico (DT) e o que ele mede?;Mede o tempo de trânsito de uma onda elástica através de um intervalo fixo de rocha (tipicamente em microssegundos por pé/metro). É o inverso da velocidade.
O que é um perfil de densidade (RHOB) e como ele é medido?;Mede a densidade da formação por atenuação de radiação gama emitida por fonte radioativa na ferramenta (espalhamento Compton de raios gama).
Como o perfil sônico e o perfil de densidade são combinados para gerar o perfil de impedância?;Multiplicando a velocidade (inverso do sônico DT) pela densidade RHOB camada a camada ao longo do poço.
Defina sismograma sintético e explique como ele é construído.;Traço sísmico artificial gerado pela convolução da série de coeficientes de reflexão (derivada do perfil de impedância) com a wavelet sísmica do levantamento.
O que é amarração poço-sísmica (well tie) e qual é seu objetivo?;Comparação entre o sismograma sintético e o traço sísmico real mais próximo do poço. Quando bem ajustado, estabelece a correspondência tempo-profundidade (curva T-Z) para aquela área.
Qual é a principal vantagem de um checkshot ou VSP sobre o perfil sônico isolado?;São medidas diretas e independentes do tempo de trânsito real, não sofrem distorções por más condições de poço (invasão de lama, salto de ciclo) e fornecem calibração mais confiável.
Se o perfil sônico subestima a velocidade real (salto de ciclo), qual será o sinal da deriva entre o sintético e o dado real?;O sintético aparecerá sistematicamente atrasado (TWT maior) em relação ao dado real, com o atraso crescendo cumulativamente com a profundidade.
Qual é a resolução vertical típica de um poço (em escala)?;Centímetros a alguns decímetros (amostragem típica de 15-20 cm) — ordens de grandeza melhor que a resolução sísmica vertical (metros a dezenas de metros conforme profundidade).
Por que um refletor sísmico não pode ser afirmado como marco cronoestratigráfico sem amarração de poço?;Porque um refletor marca contraste de impedância, e a identidade estratigráfica (idade, contato específico) só se confirma por amarração a um marco identificado de forma independente no poço (por exemplo, bioestratigrafia).
Qual foi a virada conceitual de Vail, Mitchum e colaboradores (1977) para a sismoestratigrafia?;Que um refletor sísmico, em primeira aproximação, aproxima uma superfície cronoestratigráfica (linha de tempo aproximada), porque tende a coincidir com superfícies antigas de deposição ou discordância.
Por que a proposição de refletor como linha de tempo é uma aproximação, não uma regra perfeita?;Porque está sujeita aos limites de resolução do método e à diacronia local (pequenas variações de idade ao longo do mesmo refletor), embora seja robusta o suficiente para a leitura de sistemas deposicionais.
Defina onlap e descreva a geometria e o significado genético.;Refletores mais jovens, originalmente subhorizontais, terminam progressivamente updip contra uma superfície mais antiga inclinada. Cada um alcança um pouco mais longe que o anterior. Assinatura de transgressão ou preenchimento de topografia pré-existente.
Defina downlap e explique a diferença em relação ao onlap.;Refletores inclinados (clinoformas) terminam downdip contra uma superfície de base menos inclinada que eles. Assinatura de progradação. Onlap e downlap formam o "baselap" — a diferença é qual superfície mergulha mais, não a inclinação absoluta da camada.
Qual é o critério que separa onlap de downlap?;A inclinação RELATIVA entre o refletor e a superfície de base, não a inclinação absoluta da extremidade da camada. Se a base mergulha mais que os refletores → onlap; se os refletores mergulham mais que a base → downlap.
Defina toplap e diferencie de truncamento erosivo.;Toplap: refletores terminam updip contra a superfície suprajacente por ausência de deposição (bypass), sem remoção de sedimento. Truncamento erosivo: refletores são cortados com remoção comprovada de material (erosão).
Qual é a conexão entre a borda flexural de um meio-graben (Módulo 10) e os padrões de terminação (Aula 03)?;A borda flexural é geometricamente uma superfície de onlap: a sucessão sin-rifte faz onlap progressivo contra ela, cada camada alcançando mais longe que a anterior.
Como a discordância de ruptura (Módulo 10) aparece em seção sísmica?;Tipicamente como superfície de truncamento erosivo sobre os blocos falhados sin-rifte, sobreposta por uma sucessão pós-rifte que frequentemente faz onlap costeiro regional sobre ela.
Defina sismofácies e cite os atributos que a definem.;Unidade descritiva definida por: configuração interna, continuidade, amplitude, frequência, velocidade intervalar e geometria externa dos refletores. Nunca é uma medida direta de litologia.
Cite as cinco configurações internas principais de refletores em sismofácies.;Paralela/subparalela, divergente, progradacional em clinoformas (sigmoide/oblíqua), caótica e transparente/refletor-livre.
O que indica a configuração paralela/subparalela de refletores?;Taxa de subsidência (ou acomodação) relativamente uniforme e aporte sedimentar constante. Típica de plataformas estáveis ou planícies agradacionais. Rara mente diagnóstica por si só.
O que indica a configuração divergente de refletores?;Variação lateral na taxa de acomodação ou aporte sedimentar durante a deposição. É o mesmo padrão geométrico que o Módulo 10 descreveu como engrossamento sinsedimentar das camadas sin-rifte em direção à falha principal.
O que é uma clinoforma e quais são seus três segmentos principais?;Superfície deposicional inclinada que liga a porção rasa (topset) à porção profunda (bottomset), passando pelo segmento íngreme intermediário (foreset). Cada nova clinoforma se instala mais para a bacia que a anterior, produzindo downlap.
Como a forma da clinoforma (sigmoide vs. oblíqua) reflete a razão aporte/acomodação?;Sigmoide (baixo ângulo, curvatura suave): espaço de acomodação abundante frente ao aporte. Oblíqua (ângulo mais alto, toplap no topo): aporte abundante excedendo o espaço disponível.
O que indica a configuração caótica de refletores?;Deposição de alta energia, transporte em massa (deslizamentos, fluxos de detritos), ou deformação estrutural intensa pós-deposicional (sal, zonas de falha).
O que indica a configuração transparente (refletor-livre) de refletores?;Litologia internamente homogênea em impedância: sal maciço, alguns corpos ígneos, ou pacotes carbonáticos maciços sem estratificação significativa.
Qual é a principal diferença sísmica entre uma plataforma carbonática estratificada e um buildup recifal?;Plataforma: refletores internos fortes e contínuos, borda de plataforma nítida. Buildup: refletor-livre a caótico por dentro, geometria externa em monte, diagnóstico pelo entorno (refletor de topo, difrações de borda, onlap dos flancos, drape, pull-up).
Quem sistematizou o reconhecimento sísmico de construções carbonáticas e em qual volume?;Bubb & Hatlelid (1977), parte 10 da AAPG Memoir 26 — NÃO Brown & Fisher (que trata de sistemas siliciclásticos).
Defina "give-up" (afogamento de plataforma carbonática) e qual transição sísmica marca.;Quando a taxa de criação de espaço de acomodação (ou aporte siliciclástico excessivo) excede a capacidade de crescimento do sistema carbonático. Marca a transição de configuração agradacional/progradacional para transparente/caótica.
O que é construção topográfica autogênica em sistemas carbonáticos?;Plataformas carbonáticas constroem sua própria topografia positiva pelo crescimento biológico, mantendo uma superfície deposicional próxima ao nível do mar mesmo sob subsidência ativa (agradação), até que a subsidência ou aporte siliciclástico excedam sua capacidade de crescimento.
Defina espaço de acomodação e cite os dois controles principais que o criam.;Espaço disponível para sedimento se acumular. Controles: subsidência tectônica local (Módulo 10) e variações do nível relativo do mar (nível eustático global + subsidência/soerguimento local).
Defina sequência deposicional segundo Mitchum, Vail & Thompson (1977).;Sucessão de estratos relativamente conformes, geneticamente relacionados, limitada no topo e na base por discordâncias ou suas conformidades correlatas.
Qual é a razão fundamental entre as taxas de criação de espaço de acomodação e aporte sedimentar que determina os padrões deposicionais?;Quando espaço > aporte: retrogradação (onlap). Quando espaço ≈ aporte: agradação. Quando aporte > espaço: progradação (downlap).
Cite os quatro tratos de sistemas reconhecidos hoje e em que ordem ocorrem no ciclo de variação de nível relativo do mar.;LST (após mínimo, subida lenta) → TST (subida contínua) → HST (subida desacelera/estabiliza) → FSST (queda do nível relativo).
Defina o trato de mar baixo (LST) e cite seus elementos típicos.;Trato depositado a partir do nível relativo mínimo e durante subida lenta inicial. Elementos: vales incisos preenchidos, cunhas de mar baixo mais para a bacia. Limite basal: discordância de sequência (SB).
Defina o trato transgressivo (TST) e cite suas características sísmicas.;Trato depositado durante subida do nível relativo, quando espaço de acomodação excede aporte sedimentar na zona costeira. Característica: onlap retrogradacional. Limite superior: superfície de inundação máxima (MFS).
O que é a superfície de inundação máxima (MFS) e por que é importante para exploração de petróleo?;Momento de menor aporte siliciclástico relativo à taxa de subida do mar, tipicamente marcado por seção condensada (fina, lenta, rica em argila pelágica). Frequentemente concentra rocha geradora de alta qualidade.
Defina o trato de mar alto (HST) e cite suas características sísmicas.;Trato depositado quando taxa de subida do nível relativo desacelera/estabiliza e aporte excede acomodação. Características: downlap progradacional sobre MFS, toplap comum ao final. O espaço de acomodação se esgota.
Defina o trato de estágio de queda (FSST) e cite a diferença em relação ao LST no modelo atual.;Trato depositado DURANTE a queda do nível relativo (regressão forçada), com quebras de plataforma descendo em degraus, ausência de topsets preservados. Nele ocorrem incisão de vale e leques de assoalho de bacia — no modelo Exxon original eram contados como base do LST.
Qual era o modelo original de quantos tratos a Exxon descrevia e por que foi revisado?;Três tratos (LST, TST, HST). O quarto (FSST) foi formalizado nos anos 1990 (Hunt & Tucker 1992) e consolidado por Plint & Nummedal (2000) e Catuneanu (2006), porque a fase de queda merecia trato próprio.
O que é o trato de margem de plataforma (SMST) e por que NÃO deve ser confundido com FSST?;SMST é o trato basal da "sequência de tipo 2" do modelo Exxon original, aplicável quando a queda não expõe a quebra de plataforma. Pertence à Exxon de 1988, caiu em desuso e não é o mesmo que FSST.
O que é um diagrama de Wheeler e como ele representa o tempo em relação a uma seção sísmica convencional?;Representa tempo (não espessura/profundidade) no eixo vertical. Hiatos de não deposição ou erosão aparecem como lacunas explícitas de tempo sem registro, em vez de desaparecerem comprimidos numa única linha de discordância.
Como a estratigrafia de sequências contribui para a previsão de elementos de sistema petrolífero?;Tratos de sistemas tendem a concentrar elementos específicos: geradora na MFS (seção condensada), reservatório no LST, selo no TST — como tendência estatística, não regra determinística.
Qual é o critério sísmico para distinguir deformação sinsedimentar de deformação pós-deposicional?;Espessura e configuração CONSTANTES através de uma estrutura → deformação posterior. Espessura VARIÁVEL (divergência) → crescimento sinsedimentar (falha ativa durante deposição).
Como a Aula 05 (tratos) e a Aula 03 (terminações) se integram na análise de uma seção sísmica?;Terminações de refletores (onlap, downlap, toplap, truncamento) marcam os limites e o tipo de trato de sistemas; sismofácies (Aula 04) descreve o conteúdo interno de cada trato.
Cite os três andares estruturais da margem continental brasileira e suas idades.;1. Sin-rifte (Hauteriviano-Barremiano): meio-grabens, folhelhos lacustres geradores. 2. Sag/transição (Aptiano): carbonatos microbiais + sal Aptiano. 3. Drift (Albiano+): carbonatos e siliciclásticos marinhos.
Quais são as principais rochas geradoras do pré-sal brasileiro e em qual fase foram depositadas?;Folhelhos lacustres ricos em matéria orgânica depositados na fase sin-rifte: Fms. Itapema e Piçarras em Santos; Gp. Lagoa Feia em Campos.
Qual é o principal reservatório carbonático do pré-sal brasileiro e qual sua idade?;Carbonatos microbiais, Fm. Barra Velha, depositados na fase de sag (Aptiano), imediatamente abaixo do sal.
O que é o sal Aptiano (Fm. Ariri) e qual seu papel estrutural?;Espesso pacote evaporítico depositado na fase de sag aptiana em ambiente restrito. Funciona como nível de descolamento estructural, desacoplando a deformação infra-sal da supra-sal.
Por que o topo do sal é plano e como a reologia do sal o modifica?;O topo plano é DEPOSICIONAL: evaporitos precipitam de uma salmoura e preenchem a depressão até uma superfície nivelada. O fluxo salífero posterior faz o OPOSTO: rompe o nivelamento, produzindo diápiros, muralhas e topo irregular. Um topo plano preservado indica sal pouco mobilizado.
Como o sal desacopla a deformação entre as seções infra-sal e supra-sal?;O sal funciona como nível de baixa resistência ao cisalhamento (décollement), permitindo que a seção infra-sal permaneça estruturalmente relativamente independente da deformação supra-sal por tectônica salífera gravitacional.
Qual é o maior risco técnico da exploração do pré-sal infra-sal?;A qualidade da imagem sísmica atravessando o corpo de sal transparente: a alta velocidade e geometria irregular do sal distorcem o campo de ondas, exigindo migração em profundidade com modelo de velocidade de sal e limitando a confiança no mapeamento de armadilhas infra-sal.
Qual é a posição da discordância de ruptura na coluna estratigráfica da margem brasileira conforme a leitura adotada neste módulo?;Abaixo do sag aptiano, de acordo com Karner & Gambôa (2007) e o arcabouço brasileiro corrente. Outra leitura a coloca acima do sal, tratando as incursões marinhas restritas como episódio final do rifteamento.
Por que a posição da discordância de ruptura é controversa na margem brasileira?;A questão é quando exatamente a extensão cessou numa margem cuja subsidência continuou. Duas escolas legítimas colocam-na em posições diferentes. Não deve-se misturar as duas convenções na mesma seção.
Por que a integração de todas as aulas do módulo é necessária para interpretar uma seção sísmica real?;Nenhuma etapa isolada (resolução, amarração, terminação, sismofácies, tratos de sistemas, estrutura) sustenta uma decisão exploratória sozinha. É a integração integrada que transforma uma seção processada num modelo geológico defensável.
