Impedância acústica é calculada como {{c1::Z = ρ·V}}, onde ρ é {{c2::densidade}} e V é {{c3::velocidade de propagação da onda}}.;geologia-avancado-m11-fc001
O coeficiente de reflexão {{c1::RC = (Z₂ − Z₁) / (Z₂ + Z₁)}} é uma razão de {{c2::AMPLITUDES}}, não de energias — a fração de energia refletida é {{c3::RC²}}.;geologia-avancado-m11-fc002
Se RC = 0,1, a amplitude refletida é {{c1::10%}} e a energia refletida é {{c2::1%}}.;geologia-avancado-m11-fc003
Um refletor sísmico marca um contraste de {{c1::impedância acústica}}, {{c2::não}} necessariamente um {{c3::contato litológico}}.;geologia-avancado-m11-fc004
A {{c1::cobertura múltipla}} ({{c2::CMP — common midpoint}}) é o método padrão de aquisição sísmica, permitindo {{c3::empilhar}} traços de diferentes posições que compartilham o {{c4::mesmo ponto médio}} em subsuperfície.;geologia-avancado-m11-fc005
A cadeia de processamento sísmico convencional, em ordem, é: {{c1::deconvolução}} → {{c2::NMO e empilhamento}} → {{c3::migração}}.;geologia-avancado-m11-fc006
A deconvolução é aplicada {{c1::antes}} do empilhamento, sobre os {{c2::traços individuais}}.;geologia-avancado-m11-fc007
Um {{c1::sinclinal fechado}} produz o artefato de {{c2::"bow-tie"}} ({{c3::foco enterrado}}), que aparece como {{c4::duas falsas antiformas cruzadas}} no dado não migrado.;geologia-avancado-m11-fc008
O limite de Widess (1973) para resolução sísmica é aproximadamente {{c1::λ/8}}, abaixo do qual {{c2::a forma de onda estabiliza}} e apenas a {{c3::amplitude}} continua variando com a espessura.;geologia-avancado-m11-fc009
O critério de Rayleigh (espessura de sintonia) é aproximadamente {{c1::λ/4}}, onde {{c2::topo e base deixam de ser separáveis visualmente}} e interferem num {{c3::único refletor composto}}.;geologia-avancado-m11-fc010
Widess e Rayleigh são {{c1::dois limiares distintos}}: λ/8 é onde a {{c2::forma de onda}} estabiliza; λ/4 é onde {{c3::topo e base}} deixam de ser vistos separadamente. O número usado na prática como "resolução vertical" é {{c4::λ/4}}.;geologia-avancado-m11-fc011
A {{c1::zona de Fresnel}} controla a {{c2::resolução horizontal}} sísmica; seu raio cresce com {{c3::profundidade}} e {{c4::comprimento de onda}}, e a {{c5::migração}} a reduz.;geologia-avancado-m11-fc012
A resolução vertical sísmica {{c1::piora}} sistematicamente com a profundidade porque {{c2::altas frequências}} são absorvidas preferentemente pela rocha.;geologia-avancado-m11-fc013
Um {{c1::perfil sônico}} (DT) mede o {{c2::tempo de trânsito}} de uma onda elástica através de um intervalo fixo de rocha — é o {{c3::inverso}} da velocidade.;geologia-avancado-m11-fc014
Um {{c1::perfil de densidade}} (RHOB) mede a {{c2::densidade}} da formação por {{c3::atenuação de radiação gama}}.;geologia-avancado-m11-fc015
Para criar o perfil de {{c1::impedância acústica}} a partir de poço, multiplicamos {{c2::velocidade}} (inverso do sônico) por {{c3::densidade}}, camada a camada.;geologia-avancado-m11-fc016
Um {{c1::sismograma sintético}} é construído pela {{c2::convolução}} da série de {{c3::coeficientes de reflexão}} com a {{c4::wavelet}} sísmica do levantamento.;geologia-avancado-m11-fc017
A {{c1::amarração poço-sísmica}} (well tie) compara o {{c2::sismograma sintético}} com o {{c3::traço sísmico real}} e estabelece a {{c4::curva tempo-profundidade}} (T-Z).;geologia-avancado-m11-fc018
Um {{c1::checkshot}} ou {{c2::VSP}} fornece uma medida {{c3::direta}} e {{c4::independente}} do tempo de trânsito, mais confiável que o {{c5::perfil sônico}} isolado, pois não sofre {{c6::distorções de más condições de poço}}.;geologia-avancado-m11-fc019
Se o perfil sônico subestima a velocidade (salto de ciclo), o sismograma sintético aparecerá {{c1::sistematicamente atrasado}} (TWT {{c2::maior}}) em relação ao dado real, com o atraso {{c3::crescendo cumulativamente}} com a profundidade.;geologia-avancado-m11-fc020
A resolução vertical de um poço é tipicamente {{c1::centímetros a alguns decímetros}}, {{c2::ordens de grandeza melhor}} que a resolução sísmica vertical ({{c3::metros a dezenas de metros}}).;geologia-avancado-m11-fc021
Um refletor sísmico {{c1::não}} pode ser afirmado como marco {{c2::cronoestratigráfico}} sem {{c3::amarração de poço}} a um marco identificado de forma {{c4::independente}} (ex: bioestratigrafia).;geologia-avancado-m11-fc022
Vail, Mitchum e colaboradores (1977) propuseram que um refletor sísmico aproxima uma {{c1::superfície cronoestratigráfica}} ({{c2::linha de tempo}}) porque tende a coincidir com {{c3::superfícies de deposição}} ou {{c4::discordâncias}} antigas.;geologia-avancado-m11-fc023
Um {{c1::onlap}} é um padrão onde camadas jovens terminam {{c2::updip}} contra uma superfície {{c3::mais inclinada}} e mais {{c4::antiga}}, cada camada alcançando {{c5::um pouco mais longe}}. Indica {{c6::transgressão}} ou preenchimento de topografia.;geologia-avancado-m11-fc024
Um {{c1::downlap}} é um padrão onde {{c2::clinoformas}} terminam {{c3::downdip}} contra uma superfície de base {{c4::menos inclinada}} que elas. Indica {{c5::progradação}}.;geologia-avancado-m11-fc025
Onlap e downlap formam o {{c1::"baselap"}} — o grupo de terminações contra a {{c2::superfície de base}}. O que os distingue é a {{c3::inclinação RELATIVA}} entre refletor e superfície, {{c4::não}} a inclinação absoluta da ponta da camada.;geologia-avancado-m11-fc026
Um {{c1::toplap}} é terminação {{c2::updip}} contra a superfície suprajacente por {{c3::ausência de deposição}} (bypass), {{c4::sem}} remoção de sedimento — diferente do {{c5::truncamento}} que implica {{c6::erosão}}.;geologia-avancado-m11-fc027
O {{c1::truncamento erosivo}} é um padrão onde refletores são {{c2::cortados}} pela superfície suprajacente com {{c3::remoção comprovada}} de material — frequentemente correspondente a uma {{c4::discordância}} regional.;geologia-avancado-m11-fc028
A {{c1::borda flexural}} de um meio-graben (Módulo 10) é geometricamente uma superfície de {{c2::onlap}}: a sucessão sin-rifte faz onlap progressivo contra ela.;geologia-avancado-m11-fc029
A {{c1::discordância de ruptura}} aparece em seção sísmica como {{c2::truncamento erosivo}} sobre blocos falhados sin-rifte, coberta por uma sucessão pós-rifte que frequentemente faz {{c3::onlap costeiro}} sobre ela.;geologia-avancado-m11-fc030
Uma {{c1::sismofácies}} é definida por {{c2::configuração interna}}, {{c3::continuidade}}, {{c4::amplitude}}, {{c5::frequência}}, {{c6::velocidade intervalar}} e {{c7::geometria externa}} dos refletores — {{c8::nunca}} é medida direta de litologia.;geologia-avancado-m11-fc031
As cinco configurações internas principais de refletores são: {{c1::paralela}}, {{c2::divergente}}, {{c3::progradacional}}, {{c4::caótica}} e {{c5::transparente}}.;geologia-avancado-m11-fc032
A configuração {{c1::paralela/subparalela}} indica {{c2::taxa de subsidência uniforme}} e {{c3::aporte sedimentar}} constante — típica de {{c4::plataformas}} estáveis ou {{c5::planícies}} agradacionais.;geologia-avancado-m11-fc033
A configuração {{c1::divergente}} indica {{c2::variação lateral}} na taxa de {{c3::acomodação}} ou {{c4::aporte}}, sendo o mesmo padrão descrito no Módulo 10 como {{c5::engrossamento sinsedimentar}} de camadas sin-rifte em direção à {{c6::falha}} principal.;geologia-avancado-m11-fc034
Uma {{c1::clinoforma}} é uma {{c2::superfície deposicional inclinada}} que liga a porção {{c3::rasa}} ({{c4::topset}}) à porção {{c5::profunda}} ({{c6::bottomset}}), passando por um segmento {{c7::íngreme}} intermediário ({{c8::foreset}}).;geologia-avancado-m11-fc035
Clinoformas {{c1::sigmoides}} (baixo ângulo, curvatura suave) indicam {{c2::espaço de acomodação abundant}} frente ao aporte; {{c3::oblíquas}} (ângulo alto, toplap) indicam {{c4::aporte abundante}} excedendo o espaço.;geologia-avancado-m11-fc036
A configuração {{c1::caótica}} indica {{c2::deposição de alta energia}}, {{c3::transporte em massa}}, ou {{c4::deformação estrutural}} pós-deposicional ({{c5::sal}}, falhas).;geologia-avancado-m11-fc037
A configuração {{c1::transparente}} (refletor-livre) indica {{c2::litologia homogênea em impedância}}: {{c3::sal}} maciço, alguns {{c4::corpos ígneos}}, ou {{c5::carbonatos maciços}} sem estratificação.;geologia-avancado-m11-fc038
A principal diferença sísmica entre uma {{c1::plataforma carbonática}} estratificada e um {{c2::buildup recifal}} é: plataforma tem {{c3::refletores internos fortes e contínuos}}, borda {{c4::nítida}}; buildup é {{c5::refletor-livre/caótico}} por dentro, geometria {{c6::em monte}}, diagnóstico pelo {{c7::entorno}}.;geologia-avancado-m11-fc039
As sismofácies carbonáticas foram sistematizadas por {{c1::Bubb & Hatlelid (1977)}}, parte {{c2::10}} da AAPG Memoir {{c3::26}} — {{c4::não}} por Brown & Fisher (que trata de siliciclásticos).;geologia-avancado-m11-fc040
O {{c1::"give-up"}} (afogamento de plataforma carbonática) ocorre quando {{c2::taxa de acomodação}} ou {{c3::aporte siliciclástico}} excedem a {{c4::capacidade de crescimento}} do sistema carbonático, marcado pela transição de {{c5::agradacional}} para {{c6::transparente/caótico}}.;geologia-avancado-m11-fc041
A {{c1::construção topográfica autogênica}} em sistemas carbonáticos significa que {{c2::plataformas}} constroem sua própria {{c3::topografia positiva}} pelo {{c4::crescimento biológico}}, mantendo superfície deposicional {{c5::próxima ao nível do mar}} mesmo sob subsidência ativa.;geologia-avancado-m11-fc042
O {{c1::espaço de acomodação}} é criado por dois controles: {{c2::subsidência tectônica}} local e {{c3::variações do nível relativo}} do mar.;geologia-avancado-m11-fc043
Uma {{c1::sequência deposicional}} é uma sucessão de estratos {{c2::relativamente conformes}}, {{c3::geneticamente relacionados}}, limitada por {{c4::discordâncias}} ou suas {{c5::conformidades correlatas}}.;geologia-avancado-m11-fc044
Quando {{c1::espaço de acomodação > aporte}}, ocorre {{c2::retrogradação}} ({{c3::onlap}}); quando {{c4::espaço ≈ aporte}}, ocorre {{c5::agradação}}; quando {{c6::aporte > espaço}}, ocorre {{c7::progradação}} ({{c8::downlap}}).;geologia-avancado-m11-fc045
Os quatro tratos de sistemas, em ordem de ocorrência no ciclo de variação de nível relativo do mar, são: {{c1::LST}} → {{c2::TST}} → {{c3::HST}} → {{c4::FSST}}.;geologia-avancado-m11-fc046
O {{c1::trato de mar baixo}} (LST) é depositado a partir do {{c2::nível relativo mínimo}} e durante {{c3::subida lenta inicial}}, contendo {{c4::vales incisos}} preenchidos e {{c5::cunhas de mar baixo}}.;geologia-avancado-m11-fc047
O {{c1::trato transgressivo}} (TST) é depositado durante {{c2::subida}} do nível relativo, quando {{c3::espaço de acomodação}} excede {{c4::aporte sedimentar}}, com padrão de {{c5::onlap}} retrogradacional, terminando na {{c6::superfície de inundação máxima}} (MFS).;geologia-avancado-m11-fc048
A {{c1::superfície de inundação máxima}} (MFS) marca o {{c2::ponto de menor aporte}} siliciclástico relativo, tipicamente marcado por {{c3::seção condensada}}} (fina, lenta, rica em {{c4::argila pelágica}}), frequentemente concentrando {{c5::rocha geradora}} de alta qualidade.;geologia-avancado-m11-fc049
O {{c1::trato de mar alto}} (HST) é depositado quando {{c2::taxa de subida}} desacelera/estabiliza e {{c3::aporte}} excede {{c4::acomodação}}, com {{c5::downlap}} progradacional e {{c6::toplap}} comum no final.;geologia-avancado-m11-fc050
O {{c1::trato de estágio de queda}} (FSST) é depositado {{c2::durante}} a {{c3::queda}} do nível relativo (regressão forçada), com {{c4::quebras de plataforma}} descendo em {{c5::degraus}}, {{c6::ausência}} de topsets preservados, e formação progressiva da {{c7::discordância subaérea}}.;geologia-avancado-m11-fc051
O FSST foi formalizado nos anos 1990 por {{c1::Hunt & Tucker (1992)}} e consolidado por {{c2::Plint & Nummedal (2000)}} e {{c3::Catuneanu (2006)}}, porque a fase de {{c4::queda}} merecia {{c5::trato próprio}}.;geologia-avancado-m11-fc052
O {{c1::trato de margem de plataforma}} (SMST) é o {{c2::trato basal}} da "sequência de {{c3::tipo 2}}" do {{c4::modelo Exxon}} original e {{c5::não}} deve ser confundido com o {{c6::FSST}}.;geologia-avancado-m11-fc053
Um {{c1::diagrama de Wheeler}} representa o eixo vertical em {{c2::tempo geológico}}, não em {{c3::espessura}}; hiatos de {{c4::não deposição}} ou {{c5::erosão}} aparecem como {{c6::lacunas}} explícitas de tempo.;geologia-avancado-m11-fc054
Tratos de sistemas preveem, como tendência estatística, a concentração de elementos de sistema petrolífero: {{c1::geradora}} na {{c2::MFS}}, {{c3::reservatório}} no {{c4::LST}}, {{c5::selo}} no {{c6::TST}} — sempre a ser confirmado por dados diretos.;geologia-avancado-m11-fc055
{{c1::Espessura constante}} através de uma estrutura indica {{c2::deformação posterior}}, enquanto {{c3::espessura variável}} ({{c4::divergência}}) indica {{c5::crescimento sinsedimentar}}.;geologia-avancado-m11-fc056
A margem continental brasileira tem três andares: {{c1::sin-rifte}} ({{c2::Hauteriviano-Barremiano}}: meio-grabens, folhelhos lacustres) → {{c3::sag}} ({{c4::Aptiano}}: carbonatos + sal) → {{c5::drift}} ({{c6::Albiano+}}: carbonatos/siliciclásticos marinhos).;geologia-avancado-m11-fc057
As principais rochas geradoras do pré-sal brasileiro são {{c1::folhelhos lacustres}} ricos em {{c2::matéria orgânica}}, depositadas na {{c3::fase sin-rifte}}: {{c4::Fms. Itapema/Piçarras}} em Santos; {{c5::Gp. Lagoa Feia}} em Campos.;geologia-avancado-m11-fc058
O principal reservatório carbonático do pré-sal é {{c1::carbonatos microbiais}}, {{c2::Fm. Barra Velha}}, depositado na {{c3::fase de sag}} ({{c4::Aptiano}}), {{c5::imediatamente abaixo}} do sal.;geologia-avancado-m11-fc059
O {{c1::sal Aptiano}} ({{c2::Fm. Ariri}}) funciona como {{c3::nível de descolamento}} estrutural ({{c4::décollement}}), {{c5::desacoplando}} a deformação {{c6::infra-sal}} da {{c7::supra-sal}}.;geologia-avancado-m11-fc060
O topo do sal é {{c1::deposicional}} e {{c2::plano}} porque os evaporitos precipitam e preenchem até uma superfície nivelada. O fluxo salífero posterior faz o {{c3::OPOSTO}}: rompe o nivelamento e produz {{c4::diápiros}}, {{c5::muralhas}} e topo {{c6::irregular}}.;geologia-avancado-m11-fc061
Um topo de sal {{c1::plano}} preservado indica sal {{c2::pouco mobilizado}}, enquanto um topo {{c3::irregular}} com diápiros indica {{c4::fluxo salífero}} ativo.;geologia-avancado-m11-fc062
O maior risco técnico da exploração do pré-sal infra-sal é a {{c1::qualidade da imagem sísmica}} atravessando o corpo de sal: a {{c2::alta velocidade}} e {{c3::geometria}} irregular distorcem o {{c4::campo de ondas}}, exigindo {{c5::migração em profundidade}} e limitando confiança no mapeamento.;geologia-avancado-m11-fc063
A posição da {{c1::discordância de ruptura}} na margem brasileira, segundo a leitura deste módulo, é {{c2::abaixo}} do {{c3::sag}} aptiano, de acordo com {{c4::Karner & Gambôa (2007)}} e o {{c5::arcabouço brasileiro}} corrente.;geologia-avancado-m11-fc064
A posição da discordância de ruptura é {{c1::controversa}}: uma leitura a coloca {{c2::abaixo}} do sag (este módulo); outra a coloca {{c3::acima}} do sal, tratando as incursões marinhas restritas como {{c4::episódio final}} do rifteamento.;geologia-avancado-m11-fc065
Interpretar uma seção sísmica real exige {{c1::integração}} de {{c2::todas}} as aulas do módulo: {{c3::resolução}}, {{c4::amarração}}, {{c5::terminações}}, {{c6::sismofácies}}, {{c7::tratos}} e {{c8::estrutura}}} — {{c9::nenhuma}} etapa isolada sustenta decisão exploratória.;geologia-avancado-m11-fc066
