"id";"texto";"extra";"tags";"objetivo";"aula";"dificuldade";"fonte"
"mineralogia-m01-fc001";"A ordem de preenchimento é 1s, 2s, 2p, 3s, 3p, {{c1::4s}}, {{c2::3d}}, 4p (regra de Madelung).";"";"mineralogia::m01::atomo::configuracao";"mineralogia-m01-oa01";"a01";"facil";"Aula 01; NIST ASD"
"mineralogia-m01-fc002";"Cada subcamada comporta: s = {{c1::2}}; p = {{c2::6}}; d = {{c3::10}}; f = {{c4::14}} elétrons.";"";"mineralogia::m01::atomo::orbitais";"mineralogia-m01-oa01";"a01";"media";"Aula 01"
"mineralogia-m01-fc003";"A configuração eletrônica de Fe é {{c1::[Ar]}} {{c2::3d^6}} {{c3::4s^2}}, com {{c4::4}} elétrons desemparelhados.";"";"mineralogia::m01::atomo::fe";"mineralogia-m01-oa01";"a01";"media";"Aula 01"
"mineralogia-m01-fc004";"A configuração eletrônica de Mn é {{c1::[Ar]}} {{c2::3d^5}} {{c3::4s^2}}, com {{c4::5}} elétrons desemparelhados (um em cada orbital d).";"";"mineralogia::m01::atomo::mn";"mineralogia-m01-oa01";"a01";"media";"Aula 01"
"mineralogia-m01-fc005";"A {{c1::camada}} (n = 1, 2, 3...) reúne elétrons com energia e distância média {{c2::parecidas}}; a {{c3::subcamada}} (s, p, d, f) é uma subdivisão da camada.";"";"mineralogia::m01::atomo::estrutura";"mineralogia-m01-oa01";"a01";"media";"Aula 01"
"mineralogia-m01-fc006";"{{c1::Shielding}} (blindagem) eletrônica é a redução da {{c2::carga nuclear efetiva}} sentida por elétrons de {{c3::valência}} devido a elétrons {{c4::internos}}.";"";"mineralogia::m01::atomo::blindagem";"mineralogia-m01-oa01";"a01";"media";"Aula 01"
"mineralogia-m01-fc007";"Uma {{c1::órbita}} é uma {{c2::trajetória}} determinística (Bohr); um {{c3::orbital}} é uma {{c4::região de probabilidade}} (Schrödinger).";"";"mineralogia::m01::atomo::orbitais";"mineralogia-m01-oa01";"a01";"media";"Aula 01"
"mineralogia-m01-fc008";"Ao longo de um período, o raio atômico {{c1::diminui}} da esquerda para a direita porque {{c2::aumenta}} a carga nuclear efetiva.";"";"mineralogia::m01::tabela::raio";"mineralogia-m01-oa02";"a02";"media";"Aula 02"
"mineralogia-m01-fc009";"Ao longo de um grupo, o raio atômico {{c1::aumenta}} de cima para baixo porque {{c2::aumentam}} o número de {{c3::camadas}}.";"";"mineralogia::m01::tabela::raio";"mineralogia-m01-oa02";"a02";"media";"Aula 02"
"mineralogia-m01-fc010";"A {{c1::carga nuclear efetiva}} (Z_eff) é a {{c2::carga positiva}} do núcleo que um elétron de valência {{c3::realmente sente}}, depois de {{c4::descontar}} blindagem.";"";"mineralogia::m01::tabela::zef";"mineralogia-m01-oa02";"a02";"media";"Aula 02"
"mineralogia-m01-fc011";"A energia de ionização {{c1::cresce}} ao longo de um período (com exceções: Al < Mg, S < P) porque {{c2::aumenta}} a carga nuclear efetiva.";"";"mineralogia::m01::tabela::ionizacao";"mineralogia-m01-oa02";"a02";"media";"Aula 02"
"mineralogia-m01-fc012";"Al tem 1ª energia de ionização menor que Mg porque o elétron do Al está num orbital {{c1::p}}, mais {{c2::energético}} e {{c3::blindado}} que o {{c4::s}} do Mg.";"";"mineralogia::m01::tabela::ionizacao";"mineralogia-m01-oa02";"a02";"media";"Aula 02"
"mineralogia-m01-fc013";"A {{c1::eletronegatividade}} do O (Pauling) é {{c2::3,44}}, {{c3::segundo}} mais eletronegativo após {{c4::F}} (3,98).";"";"mineralogia::m01::tabela::eletronegatividade";"mineralogia-m01-oa02";"a02";"media";"Aula 02"
"mineralogia-m01-fc014";"Fe^{{c1::2+}} tem configuração {{c2::[Ar]}} {{c3::3d^6}} ({{c4::24}} elétrons); Fe^{{c5::3+}} tem {{c6::[Ar]}} {{c7::3d^5}} ({{c8::23}} elétrons).";"";"mineralogia::m01::valencias::fe";"mineralogia-m01-oa03";"a03";"media";"Aula 03"
"mineralogia-m01-fc015";"No Fe e no Mn, a {{c1::valência variável}} vem de energias de ionização sucessivas que crescem {{c2::devagar}}, com os orbitais {{c3::4s e 3d}} próximos em energia.";"";"mineralogia::m01::valencias::multipla";"mineralogia-m01-oa03";"a03";"media";"Aula 03"
"mineralogia-m01-fc016";"Estados de oxidação de Mn: {{c1::+II}} (MnO), {{c2::+III}} (Mn2O3), {{c3::+IV}} (MnO2), {{c4::+VII}} (MnO4^-).";"";"mineralogia::m01::valencias::mn";"mineralogia-m01-oa03";"a03";"media";"Aula 03"
"mineralogia-m01-fc017";"Estados de oxidação de S: {{c1::-II}} (H2S), {{c2::0}} (S8), {{c3::+IV}} (SO2), {{c4::+VI}} (SO3, sulfatos).";"";"mineralogia::m01::valencias::s";"mineralogia-m01-oa03";"a03";"media";"Aula 03"
"mineralogia-m01-fc018";"Num íon com 4 a 7 elétrons d, {{c1::spin alto}} é um elétron por orbital antes de parear (Fe²⁺: 4 desemparelhados); {{c2::spin baixo}} é o pareamento forçado pelos vizinhos (Fe²⁺ da {{c3::pirita}}: 0).";"";"mineralogia::m01::valencias::spin";"mineralogia-m01-oa03";"a03";"media";"Aula 03; teoria do campo cristalino"
"mineralogia-m01-fc019";"A soma dos estados de oxidação em um composto neutro é {{c1::zero}}; em um íon CO3^{{c2::2-}}, é C = {{c3::+IV}}, cada O = {{c4::-II}}, soma = {{c5::-II}}.";"";"mineralogia::m01::valencias::regra";"mineralogia-m01-oa03";"a03";"media";"Aula 03"
"mineralogia-m01-fc020";"Nos minerais, o oxigênio é quase sempre {{c1::−2}}, por ser muito eletronegativo (χ = {{c2::3,44}}); a exceção são os {{c3::peróxidos}} (O = −1), raros em minerais.";"";"mineralogia::m01::valencias::oxigenio";"mineralogia-m01-oa03";"a03";"media";"Aula 03"
"mineralogia-m01-fc021";"Seguindo o grande salto da energia de ionização, o Na perde {{c1::1}} elétron (Na⁺), o Mg perde {{c2::2}} (Mg²⁺) e o Al perde {{c3::3}} (Al³⁺).";"";"mineralogia::m01::valencias::regra";"mineralogia-m01-oa03";"a03";"media";"Aula 03"
"mineralogia-m01-fc022";"Na ligação {{c1::iônica}} os elétrons passam ao átomo mais eletronegativo; na {{c2::covalente}} são compartilhados entre dois núcleos; na {{c3::metálica}} ficam deslocalizados pelo cristal.";"";"mineralogia::m01::ligacao::tipos";"mineralogia-m01-oa04";"a04";"media";"Aula 04"
"mineralogia-m01-fc023";"Caráter iônico de Pauling: I = 1 − e^(−Δχ²/{{c1::4}}); chega a 50% em Δχ ≈ {{c2::1,7}}; para Si–O (Δχ 1,54) dá cerca de {{c3::45%}}.";"";"mineralogia::m01::ligacao::pauling";"mineralogia-m01-oa04";"a04";"media";"Aula 04"
"mineralogia-m01-fc024";"Ligações predominantemente iônicas em minerais: {{c1::NaCl}} (halita), {{c2::MgO}} (periclásio) e CaF₂ (fluorita), todas com Δχ acima de {{c3::1,7}}.";"";"mineralogia::m01::ligacao::ionica";"mineralogia-m01-oa04";"a04";"media";"Aula 04"
"mineralogia-m01-fc025";"Uma ligação {{c1::covalente polar}} é entre átomos com {{c2::eletronegatividades}} {{c3::diferentes}}, deslocando {{c4::densidade eletrônica}} para o {{c5::mais eletronegativo}}.";"";"mineralogia::m01::ligacao::covalente";"mineralogia-m01-oa04";"a04";"media";"Aula 04"
"mineralogia-m01-fc026";"Quartzo e diamante são redes covalentes {{c1::3D}}; a do quartzo (Si–O) é {{c2::polar}}, a do diamante (C–C) é {{c3::apolar}}.";"";"mineralogia::m01::ligacao::estrutura";"mineralogia-m01-oa04";"a04";"media";"Aula 04"
"mineralogia-m01-fc027";"Na {{c1::ligação metálica}}, os átomos de metal cedem os elétrons de valência a um {{c2::mar de elétrons}} deslocalizado que envolve todos os {{c3::núcleos}}.";"";"mineralogia::m01::ligacao::metalica";"mineralogia-m01-oa04";"a04";"media";"Aula 04"
"mineralogia-m01-fc028";"O ouro tem χ de Pauling {{c1::2,54}}, quase o do enxofre, e é metal: o critério prático é que nos {{c2::metais nativos}} e nas {{c3::ligas}}, formados só por átomos de metais, a ligação é metálica.";"";"mineralogia::m01::ligacao::metalica";"mineralogia-m01-oa04";"a04";"media";"Aula 04"
"mineralogia-m01-fc029";"Entre não metais (ou metal e não metal): Δχ ≈ 0 → covalente {{c1::apolar}}; Δχ intermediário → covalente {{c2::polar}}; Δχ acima de ~{{c3::1,7}} → predominantemente iônica. Entre átomos de metais, Δχ ≈ 0 dá ligação metálica.";"";"mineralogia::m01::ligacao::espectro";"mineralogia-m01-oa04";"a04";"media";"Aula 04"
"mineralogia-m01-fc030";"χ de Pauling: Cu = {{c1::1,90}}; Ag = {{c2::1,93}}; Au = {{c3::2,54}}. O χ sozinho não define o caráter metálico (o Si também tem 1,90).";"";"mineralogia::m01::ligacao::metais";"mineralogia-m01-oa04";"a04";"media";"Aula 04"
"mineralogia-m01-fc031";"{{c1::Dureza}} é resistência ao risco; depende de as ligações fortes se estenderem em todas as direções: talco {{c2::1}} (lâminas unidas por van der Waals), quartzo {{c3::7}} (Si–O em 3D).";"";"mineralogia::m01::ligacao::propriedades";"mineralogia-m01-oa04";"a04";"media";"Aula 04"
"mineralogia-m01-fc032";"{{c1::Clivagem}} é a ruptura preferencial nos planos com menos ligação a romper; o diamante se cliva em {{c2::{111}}} apesar das ligações {{c3::C–C}} fortes em todas as direções.";"";"mineralogia::m01::ligacao::clivagem";"mineralogia-m01-oa04";"a04";"media";"Aula 04"
"mineralogia-m01-fc033";"{{c1::Van der Waals}} é a atração entre {{c2::dipolos}} momentâneos ou induzidos; é muito fraca, ~{{c3::0,5 a 5}} kJ/mol.";"";"mineralogia::m01::ligacao-fraca::vdw";"mineralogia-m01-oa04";"a05";"media";"Aula 05"
"mineralogia-m01-fc034";"A {{c1::ponte de hidrogênio}} vale ~{{c2::10 a 40}} kJ/mol, contra ~200 a 500 da covalente; o H precisa estar ligado a N, O ou {{c3::F}}.";"";"mineralogia::m01::ligacao-fraca::h";"mineralogia-m01-oa04";"a05";"media";"Aula 05"
"mineralogia-m01-fc035";"Gelo (H2O sólida) tem estrutura {{c1::hexagonal}} {{c2::aberta}} com {{c3::H-bonds}}; cada O forma {{c4::2}} covalentes O-H + {{c5::2}} H-bonds, tornando gelo {{c6::menos denso}} (~0,92 vs. 1,0 g/cm3).";"";"mineralogia::m01::ligacao-fraca::gelo";"mineralogia-m01-oa04";"a05";"media";"Aula 05"
"mineralogia-m01-fc036";"{{c1::Grafite}} é {{c2::C}} com sp^{{c3::2}} em {{c4::camadas}} planar; cada C liga {{c5::3}} vizinhos com {{c6::σ}} covalentes (1,42 Å); camadas acopladas por {{c7::van der Waals}} ({{c8::fraco}}).";"";"mineralogia::m01::ligacao-fraca::grafite";"mineralogia-m01-oa04";"a05";"media";"Aula 05"
"mineralogia-m01-fc037";"{{c1::Talco}} (Mg3Si4O10(OH)2) é {{c2::macio}} porque tem {{c3::camadas}} com {{c4::van der Waals}} entre elas, permitindo {{c5::clivagem}} {{c6::fácil}}.";"";"mineralogia::m01::ligacao-fraca::talco";"mineralogia-m01-oa04";"a05";"media";"Aula 05"
"mineralogia-m01-fc038";"A diferença entre {{c1::talco}} (macio) e {{c2::quartzo}} (duro): talco = {{c3::camadas}} {{c4::van der Waals}}; quartzo = {{c5::rede}} {{c6::3D}} Si-O-Si {{c7::covalente}} em {{c8::todas}} direções.";"";"mineralogia::m01::ligacao-fraca::comparacao";"mineralogia-m01-oa04";"a05";"media";"Aula 05"
"mineralogia-m01-fc039";"O padrão de H-bonds em água: cada {{c1::O}} forma {{c2::2}} {{c3::O-H}} {{c4::covalentes}} + aceita {{c5::2}} {{c6::H-bonds}} (total {{c7::4}}, {{c8::tetraédrico}}).";"";"mineralogia::m01::ligacao-fraca::agua";"mineralogia-m01-oa04";"a05";"media";"Aula 05"
"mineralogia-m01-fc040";"{{c1::Forças de London}} são {{c2::dipolos transitórios}} em átomos {{c3::não-polares}}; dominam em {{c4::gases nobres}}, {{c5::N2}}, {{c6::O2}}; aumentam com {{c7::tamanho}} (He < Ar < Xe).";"";"mineralogia::m01::ligacao-fraca::london";"mineralogia-m01-oa04";"a05";"media";"Aula 05"
"mineralogia-m01-fc041";"Em minerais, H₂O e OH⁻ ocupam {{c1::posições fixas}} da estrutura (não é água líquida presa); na {{c2::gipsita}}, as camadas de água unem as lâminas por {{c3::pontes de hidrogênio}}.";"";"mineralogia::m01::ligacao-fraca::agua";"mineralogia-m01-oa04";"a05";"media";"Aula 05"
"mineralogia-m01-fc042";"Ordem de força segura: ligações fortes (iônica, covalente, metálica, sem ordem fixa entre elas) >> {{c1::ponte de hidrogênio}} (~10 a 40 kJ/mol) > {{c2::van der Waals}} (~{{c3::0,5 a 5}} kJ/mol).";"";"mineralogia::m01::ligacao-fraca::ordem";"mineralogia-m01-oa04";"a05";"media";"Aula 05"
"mineralogia-m01-fc043";"Um {{c1::cristal molecular}} é feito de moléculas unidas por forças fracas; exemplos: o {{c2::enxofre nativo}} (anéis S₈) e o {{c3::gelo}}.";"";"mineralogia::m01::ligacao-fraca::cristal";"mineralogia-m01-oa04";"a05";"media";"Aula 05"
"mineralogia-m01-fc044";"Compare dureza: diamante ({{c1::10}}) vs. talco ({{c2::1}}). Diamante = {{c3::rede}} {{c4::3D}} C-C {{c5::covalente}} ({{c6::muito}} forte); talco = {{c7::camadas}} {{c8::van der Waals}} (fraco).";"";"mineralogia::m01::ligacao-fraca::dureza";"mineralogia-m01-oa04";"a05";"media";"Aula 05"
"mineralogia-m01-fc045";"Ser iônico não basta para dissolver: a {{c1::halita}} se dissolve na água, mas a {{c2::fluorita}} e o coríndon, com cargas maiores e energia de {{c3::rede}} mais alta, quase não.";"";"mineralogia::m01::ligacao-fraca::solubilidade";"mineralogia-m01-oa04";"a05";"media";"Aula 05"
"mineralogia-m01-fc046";"Uma {{c1::molécula}} é um grupo discreto de átomos; no quartzo as ligações fortes se estendem pelo cristal {{c2::inteiro}}; mas há minerais moleculares, como o {{c3::enxofre nativo}} (S₈).";"";"mineralogia::m01::ligacao-fraca::mineral";"mineralogia-m01-oa04";"a05";"media";"Aula 05"
"mineralogia-m01-fc047";"A constante de Avogadro vale {{c1::6,02214076 × 10²³}} mol⁻¹, valor {{c2::exato}} desde a redefinição do SI de {{c3::2019}}.";"";"mineralogia::m01::mol::avogadro";"mineralogia-m01-oa05";"a06";"facil";"Aula 06; BIPM SI 2019"
"mineralogia-m01-fc048";"Massas molares: O₂ = 32,00 g/mol; H₂O = {{c1::18,02}} g/mol; SiO₂ = {{c2::60,08}} g/mol; CaF₂ = {{c3::78,07}} g/mol.";"";"mineralogia::m01::mol::molarmass";"mineralogia-m01-oa05";"a06";"media";"Aula 06"
"mineralogia-m01-fc049";"Em 100 g de quartzo há {{c1::100}} ÷ {{c2::60,08}} ≈ {{c3::1,66}} mol de SiO₂.";"";"mineralogia::m01::mol::calculo";"mineralogia-m01-oa05";"a06";"media";"Aula 06"
"mineralogia-m01-fc050";"A {{c1::composição em óxidos}} (ex. % SiO₂) é uma {{c2::convenção}}: a análise é escrita como se cada elemento estivesse na forma de óxido, sem que o mineral {{c3::contenha}} esses óxidos.";"";"mineralogia::m01::mol::oxido";"mineralogia-m01-oa05";"a06";"media";"Aula 06"
"mineralogia-m01-fc051";"Massa molar de Al2O3 = {{c1::101,96}} g/mol; fórmula é {{c2::Al}} = {{c3::26,982}}, O = {{c4::15,999}}; 2 × {{c5::26,982}} + 3 × {{c6::15,999}} = {{c7::101,961}}.";"";"mineralogia::m01::mol::molarmass";"mineralogia-m01-oa05";"a06";"media";"Aula 06"
"mineralogia-m01-fc052";"Uma {{c1::unidade de fórmula}} é a {{c2::proporção}} {{c3::atômica}} {{c4::mínima}} (ex. NaCl = 1:1, mas {{c5::não}} é {{c6::molécula}} discreta); {{c7::molécula}} = {{c8::aglomerado}} {{c9::covalente}}.";"";"mineralogia::m01::mol::formula";"mineralogia-m01-oa05";"a06";"media";"Aula 06"
"mineralogia-m01-fc053";"Unidade SI de pressão: {{c1::pascal}} (Pa = N/m²); atmosfera padrão = {{c2::101,325}} kPa; centro da Terra ~{{c3::360}} GPa.";"";"mineralogia::m01::unidades::pressao";"mineralogia-m01-oa06";"a06";"media";"Aula 06"
"mineralogia-m01-fc054";"2,5 kbar = {{c1::0,25}} GPa, correspondendo a ~{{c2::9}} km de {{c3::profundidade}}.";"";"mineralogia::m01::unidades::calculo";"mineralogia-m01-oa06";"a06";"media";"Aula 06"
"mineralogia-m01-fc055";"A Terra tem pressão no centro da ordem de {{c1::360}} GPa ({{c2::PREM}}).";"";"mineralogia::m01::unidades::pressao";"mineralogia-m01-oa06";"a06";"media";"Aula 06"
"mineralogia-m01-fc056";"{{c1::T}}_K = {{c1::T}}_°C + {{c2::273,15}}; uma diferença de {{c3::1}} K = {{c4::1}} °C.";"";"mineralogia::m01::unidades::temperatura";"mineralogia-m01-oa06";"a06";"media";"Aula 06"
"mineralogia-m01-fc057";"750 °C = {{c1::1023,15}} K.";"";"mineralogia::m01::unidades::temperatura";"mineralogia-m01-oa06";"a06";"media";"Aula 06"
"mineralogia-m01-fc058";"Uma lâmina delgada de 30 µm = 30 × 10⁻⁶ m = {{c1::3 × 10⁻⁵}} m; como 1 Å = 10⁻¹⁰ m, são {{c2::3 × 10⁵}} Å, ou cerca de {{c3::1,9 × 10⁵}} ligações Si–O (1,62 Å).";"";"mineralogia::m01::unidades::calculo";"mineralogia-m01-oa06";"a06";"media";"Aula 06"
"mineralogia-m01-fc059";"1 cm³ de quartzo ({{c1::ρ}} ~{{c2::2,65}} g/cm³) contém {{c3::~2,7}} × {{c4::10^22}} unidades de fórmula ({{c5::~8}} × {{c6::10^22}} átomos).";"";"mineralogia::m01::unidades::calculo";"mineralogia-m01-oa05";"a06";"dificil";"Aula 06"
