"id";"frente";"verso";"tags";"objetivo";"aula";"dificuldade";"fonte"
"mineralogia-m01-fb001";"Qual é a ordem de preenchimento dos orbitais eletrônicos?";"1s, 2s, 2p, 3s, 3p, 4s, 3d, 4p, 5s, 4d... (regra de Madelung, com 4s antes de 3d nos átomos neutros).";"mineralogia::m01::atomo::configuracao";"mineralogia-m01-oa01";"a01";"facil";"Atkins & Jones; NIST ASD"
"mineralogia-m01-fb002";"Quantos elétrons cabem em cada subcamada?";"s = 2; p = 6; d = 10; f = 14 (conforme o número de orbitais: 1, 3, 5, 7).";"mineralogia::m01::atomo::orbitais";"mineralogia-m01-oa01";"a01";"facil";"Atkins & Jones"
"mineralogia-m01-fb003";"O que é um orbital?";"Região do espaço onde há alta probabilidade de encontrar um elétron (mapa de probabilidade, não uma trajetória).";"mineralogia::m01::atomo::orbitais";"mineralogia-m01-oa01";"a01";"media";"Atkins & Jones"
"mineralogia-m01-fb004";"Qual a configuração eletrônica do ferro (Z = 26)?";"[Ar] 3d⁶ 4s² (ou 1s² 2s² 2p⁶ 3s² 3p⁶ 3d⁶ 4s²).";"mineralogia::m01::atomo::fe";"mineralogia-m01-oa01";"a01";"media";"NIST ASD"
"mineralogia-m01-fb005";"Qual a configuração eletrônica do manganês (Z = 25)?";"[Ar] 3d⁵ 4s² (cinco elétrons d, um em cada orbital).";"mineralogia::m01::atomo::mn";"mineralogia-m01-oa01";"a01";"media";"NIST ASD"
"mineralogia-m01-fb006";"Quantos elétrons desemparelhados tem o Fe (3d⁶ pela regra de Hund)?";"4 (cinco orbitais d recebem um cada; o sexto forma par em um deles).";"mineralogia::m01::atomo::desemparelhados";"mineralogia-m01-oa01";"a01";"dificil";"NIST ASD; Krane"
"mineralogia-m01-fb007";"Quantos elétrons desemparelhados tem o Mn (3d⁵)?";"5 (um em cada orbital d, o máximo de uma subcamada d).";"mineralogia::m01::atomo::desemparelhados";"mineralogia-m01-oa01";"a01";"dificil";"NIST ASD"
"mineralogia-m01-fb008";"Qual é a diferença entre camada e subcamada?";"Camada (n = 1, 2, 3...) é o grupo de elétrons com energia parecida; subcamada (s, p, d, f) é uma subdivisão da camada.";"mineralogia::m01::atomo::estrutura";"mineralogia-m01-oa01";"a01";"media";"Atkins & Jones"
"mineralogia-m01-fb009";"Em que período da tabela periódica está o ferro?";"Período 4 (a camada mais externa ocupada é n = 4).";"mineralogia::m01::tabela::periodo";"mineralogia-m01-oa02";"a02";"facil";"Aula 01 (Fe = [Ar] 3d⁶ 4s²)"
"mineralogia-m01-fb010";"Em que bloco da tabela periódica está o ferro?";"Bloco d (porque o último orbital preenchido é d).";"mineralogia::m01::tabela::bloco";"mineralogia-m01-oa02";"a02";"facil";"Aula 01"
"mineralogia-m01-fb011";"Qual a tendência do raio atômico ao longo de um período?";"Diminui (a esquerda para a direita), porque a carga nuclear efetiva cresce.";"mineralogia::m01::tabela::raio";"mineralogia-m01-oa02";"a02";"facil";"Atkins & Jones"
"mineralogia-m01-fb012";"Qual a tendência do raio atômico ao longo de um grupo?";"Aumenta (de cima para baixo), porque entram camadas novas e mais externas.";"mineralogia::m01::tabela::raio";"mineralogia-m01-oa02";"a02";"facil";"Atkins & Jones"
"mineralogia-m01-fb013";"O que é carga nuclear efetiva?";"Carga positiva do núcleo que um elétron de valência realmente sente, depois de descontada a blindagem dos elétrons internos.";"mineralogia::m01::tabela::zef";"mineralogia-m01-oa02";"a02";"media";"Atkins & Jones"
"mineralogia-m01-fb014";"Qual é a tendência da energia de ionização ao longo de um período?";"Cresce (a esquerda para a direita), mas com exceções (p. ex., Al < Mg).";"mineralogia::m01::tabela::ionizacao";"mineralogia-m01-oa02";"a02";"media";"NIST ASD"
"mineralogia-m01-fb015";"Por que o alumínio (Al) tem 1ª energia de ionização menor que o magnésio (Mg)?";"Porque o elétron do Al está num orbital p, mais energético e blindado que o s do Mg.";"mineralogia::m01::tabela::ionizacao";"mineralogia-m01-oa02";"a02";"dificil";"NIST ASD; Atkins & Jones"
"mineralogia-m01-fb016";"Qual a regra para prever a carga de Na, Mg e Al a partir do grande salto em suas ionizações sucessivas?";"Na perde 1 elétron (Na⁺); Mg perde 2 (Mg²⁺); Al perde 3 (Al³⁺) — o número de elétrons de valência.";"mineralogia::m01::tabela::ionizacao";"mineralogia-m01-oa02";"a02";"media";"Aula 02"
"mineralogia-m01-fb017";"Eletronegatividade de Pauling do oxigênio.";"3,44 (o segundo mais eletronegativo, depois do flúor que é 3,98).";"mineralogia::m01::tabela::eletronegatividade";"mineralogia-m01-oa02";"a02";"facil";"Allred (1961); CRC Handbook"
"mineralogia-m01-fb018";"Eletronegatividades de Pauling: Si, Fe (II) e Mn (II).";"Si = 1,90; Fe(II) = 1,83; Mn(II) = 1,55.";"mineralogia::m01::tabela::eletronegatividade";"mineralogia-m01-oa02";"a02";"facil";"Allred (1961); CRC Handbook"
"mineralogia-m01-fb019";"Por que o oxigênio puxar elétrons de Na, Mg, Ca e Al é relevante para a mineralogia?";"Porque explica por que a maioria dos minerais de rocha tem oxigênio como ânion (O²⁻).";"mineralogia::m01::tabela::eletronegatividade";"mineralogia-m01-oa02";"a02";"media";"Aula 02"
"mineralogia-m01-fb020";"Qual a carga esperada de um íon quando o grande salto da energia de ionização marca o fim dos elétrons de valência?";"A carga positiva é igual ao número de elétrons de valência perdidos (p. ex., Mg²⁺ porque perde 2).";"mineralogia::m01::valencias::regra";"mineralogia-m01-oa03";"a03";"media";"Aula 02-03"
"mineralogia-m01-fb021";"Por que Fe2+ e Fe3+ coexistem em minerais apesar de ambos perderem elétrons?";"Porque as energias de ionização do Fe crescem lentamente; não é simplesmente '4s sai primeiro'. O custo energético de remover elétrons d é comparável à de remover 4s.";"mineralogia::m01::valencias::fe";"mineralogia-m01-oa03";"a03";"dificil";"Aula 03; NIST ASD"
"mineralogia-m01-fb022";"Qual é a configuração eletrônica de Fe2+ ([Ar] 3d6 4s2)?";"[Ar] 3d6 (remove-se 4s2 antes de 3d; total de 24 elétrons).";"mineralogia::m01::valencias::fe";"mineralogia-m01-oa03";"a03";"media";"Aula 03; NIST ASD"
"mineralogia-m01-fb023";"Qual é a configuração eletrônica de Fe3+?";"[Ar] 3d5 (remove um 3d após o Fe2+; total de 23 elétrons).";"mineralogia::m01::valencias::fe";"mineralogia-m01-oa03";"a03";"media";"Aula 03; NIST ASD"
"mineralogia-m01-fb024";"O que é valência variável e por que Fe, Mn e S a exibem?";"Capacidade de um elemento perder diferentes números de elétrons (ex. Fe2+ vs. Fe3+). Ocorre quando os custos de ionização sucessivos crescem lentamente (orbitais d e s próximos em energia).";"mineralogia::m01::valencias::multipla";"mineralogia-m01-oa03";"a03";"media";"Aula 03"
"mineralogia-m01-fb025";"Estados de oxidação comuns de Mn: quais são e exemplos?";"+II (ex. MnO), +III (ex. Mn2O3), +IV (ex. MnO2), +VII (ex. MnO4- em permanganato).";"mineralogia::m01::valencias::mn";"mineralogia-m01-oa03";"a03";"dificil";"Aula 03; CRC Handbook"
"mineralogia-m01-fb026";"Estados de oxidação comuns de S: quais são?";"-II (ex. H2S), 0 (ex. S8), +IV (ex. SO2), +VI (ex. SO3, sulfatos).";"mineralogia::m01::valencias::s";"mineralogia-m01-oa03";"a03";"media";"Aula 03; CRC Handbook"
"mineralogia-m01-fb027";"O que é spin alto e spin baixo em Fe2+?";"Spin alto: elétrons ocupam orbitais d isoladamente antes de parear (maior repulsão); spin baixo: elétrons pareiam para minimizar energia (ligantes fortes). Pirita (FeS2) tem Fe2+ spin baixo.";"mineralogia::m01::valencias::spin";"mineralogia-m01-oa03";"a03";"dificil";"Aula 03; Crystal Field Theory"
"mineralogia-m01-fb028";"Qual a soma dos estados de oxidação em um composto neutro?";"Zero. Em um íon, a soma é igual à carga do íon (ex. em CO32-: C = +IV, O = -II cada, soma = -II).";"mineralogia::m01::valencias::regra";"mineralogia-m01-oa03";"a03";"facil";"Aula 03"
"mineralogia-m01-fb029";"Por que o oxigênio é sempre -II em compostos (exceto O2-)?";"Porque é altamente eletronegativo (χ = 3,44) e tem 6 elétrons de valência; ganha 2 para atingir octeto (configuração de Ne).";"mineralogia::m01::valencias::oxigenio";"mineralogia-m01-oa03";"a03";"media";"Aula 03; Atkins & Jones"
"mineralogia-m01-fb030";"O que define um tipo de ligação química?";"A distribuição de densidade eletrônica: quanto mais concentrada nos núcleos (eletronegatividade alta), mais iônica; quanto mais distribuída, mais covalente.";"mineralogia::m01::ligacao::tipos";"mineralogia-m01-oa04";"a04";"media";"Aula 04"
"mineralogia-m01-fb031";"Como a fórmula de caráter iônico de Pauling relaciona χ com porcentagem iônica?";"%Ionicidade = 100 × [1 - e^(-(Δχ/2)²)] onde Δχ = diferença de eletronegatividade. Δχ ≈ 2 → 50% iônica.";"mineralogia::m01::ligacao::pauling";"mineralogia-m01-oa04";"a04";"dificil";"Aula 04; Pauling 1960"
"mineralogia-m01-fb032";"Exemplos de ligações iônicas fortes em minerais: quais são?";"NaCl (halita), MgO (periclásio), CaF2 (fluorita), Al2O3 (coríndum). Todos com Δχ > 1,7.";"mineralogia::m01::ligacao::ionica";"mineralogia-m01-oa04";"a04";"facil";"Aula 04; ICSD"
"mineralogia-m01-fb033";"O que é uma ligação covalente polar?";"Ligação covalente entre átomos com eletronegatividades diferentes (ex. C-O em CO2 ou SiO2). A densidade eletrônica é deslocada para o átomo mais eletronegativo.";"mineralogia::m01::ligacao::covalente";"mineralogia-m01-oa04";"a04";"media";"Aula 04; Atkins & Jones"
"mineralogia-m01-fb034";"Qual é a diferença entre SiO2 (quartzo) e diamante em termos de tipo de ligação?";"Quartzo: rede covalente 3D com Si-O-Si (covalente polar); diamante: rede covalente 3D com C-C (covalente apolar). Ambos são rígidos, mas quartzo é quebradiço, diamante é duro e brilhante.";"mineralogia::m01::ligacao::estrutura";"mineralogia-m01-oa04";"a04";"media";"Aula 04; Dane & Finkelman"
"mineralogia-m01-fb035";"O que é uma ligação metálica e quais átomos a formam?";"Ligação entre átomos de metal, onde a densidade eletrônica é móvel (mar de elétrons). Os núcleos estão em uma matriz de elétrons deslocalizados. Exemplos: Au (ouro nativo), Cu (cobre nativo), Fe (ferro metálico).";"mineralogia::m01::ligacao::metalica";"mineralogia-m01-oa04";"a04";"media";"Aula 04"
"mineralogia-m01-fb036";"Por que o ouro é metal apesar de ter eletronegatividade χ ≈ 2,54 (próxima ao enxofre)?";"Porque o critério prático para metal é: só metais (átomos de mesmo tipo) ligados entre si formam ligação metálica. A eletronegatividade descreve comportamento em compostos, não o tipo de ligação metal-metal.";"mineralogia::m01::ligacao::metalica";"mineralogia-m01-oa04";"a04";"dificil";"Aula 04"
"mineralogia-m01-fb037";"Como se classifica uma ligação química em um espectro iônico-covalente?";"Usando a diferença de eletronegatividade Δχ: Δχ ≈ 0 → covalente apolar; 0 < Δχ < 1,7 → covalente polar; Δχ > 1,7 → predominantemente iônica.";"mineralogia::m01::ligacao::espectro";"mineralogia-m01-oa04";"a04";"media";"Aula 04; Pauling 1960"
"mineralogia-m01-fb038";"Eletronegatividades de Pauling para Cu, Ag e Au.";"Cu = 1,90; Ag = 1,93; Au = 2,54 (ligeiramente maior, confirmando caráter metálico puro).";"mineralogia::m01::ligacao::metais";"mineralogia-m01-oa04";"a04";"facil";"Allred (1961); CRC Handbook"
"mineralogia-m01-fb039";"O que é dureza em minerais e por que não depende exclusivamente do tipo de ligação?";"Dureza é resistência ao risco ou deformação plástica. Depende de tipo de ligação, geometria (coordenação) E presença de planos fracos. Talco tem ligações fracas (van der Waals); quartzo tem ligações covalentes fortes; diamante tem ligações covalentes mas tem clivagem fraca em {111}.";"mineralogia::m01::ligacao::propriedades";"mineralogia-m01-oa04";"a04";"dificil";"Aula 04; Nye"
"mineralogia-m01-fb040";"Qual é a relação entre comprimento de ligação e força de ligação?";"Ligações mais curtas são mais fortes. Exemplo: C-C (1,54 Å) < C=C (1,34 Å) < C≡C (1,20 Å); a ligação tripla é mais curta e mais forte.";"mineralogia::m01::ligacao::comprimento";"mineralogia-m01-oa04";"a04";"media";"Aula 04; Pauling 1960"
"mineralogia-m01-fb041";"Quais são as energias de ligação típicas (em kJ/mol)? Dê exemplos.";"C-C ≈ 350; C=C ≈ 610; Si-O ≈ 470; C-F ≈ 460 (muito forte); H-H ≈ 432; Fe-Fe ≈ 160 (fraca).";"mineralogia::m01::ligacao::energia";"mineralogia-m01-oa04";"a04";"media";"Aula 04; NIST Chemistry WebBook"
"mineralogia-m01-fb042";"O que é clivagem em minerais e por qual plano um mineral se quebra?";"Clivagem é ruptura preferencial ao longo de planos cristalinos; ocorre no plano MAIS FRACO, não no plano com ligações mais fortes. Diamante se clivagem em {111} apesar de ter ligações C-C fortes em todas as direções.";"mineralogia::m01::ligacao::clivagem";"mineralogia-m01-oa04";"a04";"dificil";"Aula 04; Nye"
"mineralogia-m01-fb043";"Qual é a geometria molecular do CO2 e por que?";"Linear (O=C=O, 180°). O carbono forma dois pares ligantes duplos (C=O) sem pares solitários; VSEPR prediz geometria linear (2 domínios eletrônicos = linear).";"mineralogia::m01::ligacao::geometria";"mineralogia-m01-oa04";"a04";"media";"Aula 04; VSEPR Theory"
"mineralogia-m01-fb044";"Qual é a geometria de SiO2 e por que é diferente de CO2?";"Tetraédrica ao redor de cada Si (Si-O-Si não linear). Cada Si está coordenado por 4 oxigênios em tetraedro; cada O liga a 2 Si. Forma rede 3D, não molécula discreta como CO2.";"mineralogia::m01::ligacao::geometria";"mineralogia-m01-oa04";"a04";"media";"Aula 04; Dane & Finkelman"
"mineralogia-m01-fb045";"O que é ligação covalente apolar?";"Ligação entre átomos idênticos ou com eletronegatividades iguais (Δχ = 0). A densidade eletrônica é distribuída simetricamente. Exemplos: H-H, O=O, C-C.";"mineralogia::m01::ligacao::covalente";"mineralogia-m01-oa04";"a04";"facil";"Aula 04"
"mineralogia-m01-fb046";"Qual é a ordem de força de ligação: iônica, covalente, metálica?";"Covalente > iônica > metálica (em média). Mas há sobreposição: uma covalente polar muito iônica (ex. NaCl) pode ser mais forte que uma covalente apolar débil.";"mineralogia::m01::ligacao::forca";"mineralogia-m01-oa04";"a04";"media";"Aula 04; ICSD"
"mineralogia-m01-fb047";"Por que os metais nativos (Au, Cu, Ag) formam minerais tão buscados economicamente?";"Porque combinam alta maleabilidade (ligação metálica distribui deformação sem quebra) com alta resistência ao intemperismo (ligação forte, coesão alta). Au puro é ainda mais procurado porque é quimicamente inerte.";"mineralogia::m01::ligacao::metalica";"mineralogia-m01-oa04";"a04";"media";"Aula 04"
"mineralogia-m01-fb048";"Qual é a diferença fundamental entre uma molécula (ex. O2) e um mineral (ex. quartzo)?";"Molécula é um aglomerado discreto de átomos ligados por ligações covalentes fortes, com fraco acoplamento entre moléculas. Mineral é uma estrutura cristalina com ligações que se propagam indefinidamente em 3D (pelo menos em 2 dimensões).";"mineralogia::m01::ligacao::mineral";"mineralogia-m01-oa04";"a04";"media";"Aula 04"
"mineralogia-m01-fb049";"O que é isomeria estrutural e por que MnO2 pode ter estruturas diferentes?";"Isômeros têm mesma fórmula mas átomos ligados diferentemente. MnO2 pode ser tetragonal (rutilo) ou ortorrômbico (pirolusita), com diferentes coordenações de Mn (6 ou 4 oxigênios).";"mineralogia::m01::ligacao::isomeria";"mineralogia-m01-oa04";"a04";"dificil";"Aula 04; IMA-CNMNC"
"mineralogia-m01-fb050";"O que é uma ligação de Van der Waals e de que força é?";"Interação entre dipolos (permanentes ou induzidos) de átomos/moléculas neutras. Muito fraca (1-10 kJ/mol vs. 300-500 para covalente). Ocorre em grafite, gelo, cristais moleculares.";"mineralogia::m01::ligacao-fraca::vdw";"mineralogia-m01-oa04";"a05";"media";"Aula 05; Atkins & Jones"
"mineralogia-m01-fb051";"Qual é a diferença entre uma ligação de hidrogênio forte e uma ligação covalente fraca?";"Ligação H é ainda mais fraca (4-40 kJ/mol). Ocorre quando H está ligado a N, O ou F (muito eletronegativos). Forte o suficiente para estruturar água (gelo) e DNA, mas fraca comparada a covalente.";"mineralogia::m01::ligacao-fraca::h";"mineralogia-m01-oa04";"a05";"dificil";"Aula 05; Atkins & Jones"
"mineralogia-m01-fb052";"Qual é a estrutura de gelo (H2O sólida) e por que tem densidade menor que água?";"Estrutura hexagonal aberta com ligações H; cada O forma 2 ligações O-H covalentes + 2 H-bonds. A abertura deixa espaço vazio, tornando gelo menos denso que água (~0,92 vs. 1,0 g/cm³).";"mineralogia::m01::ligacao-fraca::gelo";"mineralogia-m01-oa04";"a05";"media";"Aula 05; Pauling 1960"
"mineralogia-m01-fb053";"O que é grafite e por que pode ser esfoliado em camadas?";"Carbono com sp2 hibridização em camadas planar; cada C liga a 3 vizinhos com ligações σ covalentes fortes (1,42 Å); camadas são acopladas por Van der Waals (fraco). Esfoliação ocorre entre camadas.";"mineralogia::m01::ligacao-fraca::grafite";"mineralogia-m01-oa04";"a05";"media";"Aula 05"
"mineralogia-m01-fb054";"Por que talco (Mg3Si4O10(OH)2) é tão macio e quebradiço?";"Estrutura com camadas Si2O5^2- ligadas a Mg^2+. Ligação Si-O é forte, mas as camadas são acopladas por van der Waals + poucos Mg^2+. Clivagem ocorre entre camadas fracas.";"mineralogia::m01::ligacao-fraca::talco";"mineralogia-m01-oa04";"a05";"dificil";"Aula 05; Dane & Finkelman"
"mineralogia-m01-fb055";"Qual é a diferença entre talco (macio) e quartzo (duro) em termos de ligações?";"Talco: camadas com ligações fracas entre elas (van der Waals). Quartzo: rede 3D com Si-O-Si covalente em todas as direções. 3D covalente > ligações intercamadas.";"mineralogia::m01::ligacao-fraca::comparacao";"mineralogia-m01-oa04";"a05";"media";"Aula 05"
"mineralogia-m01-fb056";"Qual é o padrão de ligações de H em uma molécula de água?";"Cada O forma 2 ligações covalentes O-H e aceita 2 H-bonds de vizinhos (total 4 ligações, tetraédrico). Água líquida quebra alguns H-bonds; gelo preserva a estrutura tetraédrica.";"mineralogia::m01::ligacao-fraca::agua";"mineralogia-m01-oa04";"a05";"media";"Aula 05"
"mineralogia-m01-fb057";"O que são forças de London (dispersão) e em quais substâncias dominam?";"Forças resultantes de dipolos transitórios induzidos em átomos/moléculas não-polares. Dominam em gases nobres, N2, O2. Aumentam com tamanho/polarizabilidade do átomo (He < Ar < Kr < Xe).";"mineralogia::m01::ligacao-fraca::london";"mineralogia-m01-oa04";"a05";"media";"Aula 05"
"mineralogia-m01-fb058";"Por que alguns minerais contêm H2O ou OH-? Como essas ligações afetam propriedades?";"H2O e OH- ocupam sítios na estrutura crystal quando o ambiente é aquoso/úmido. Ligações H com O estrutural tornam o mineral mais denso/compacto. Aquamarine (berilo azul com Fe) vs. berilo incolor mostram efeito.";"mineralogia::m01::ligacao-fraca::agua";"mineralogia-m01-oa04";"a05";"dificil";"Aula 05; IMA-CNMNC"
"mineralogia-m01-fb059";"Qual é a ordem de força: ligação covalente > ligação iônica > ligação H > van der Waals? Verdadeiro ou falso?";"Falso. Ordem mais precisa: ligação covalente > ligação iônica ≈ ligação covalente polar > ligação H > van der Waals. Há overlaps; uma ligação H muito forte pode exceder uma iônica fraca.";"mineralogia::m01::ligacao-fraca::ordem";"mineralogia-m01-oa04";"a05";"dificil";"Aula 05; Pauling 1960"
"mineralogia-m01-fb060";"O que é um cristal molecular (ex. gelo, seco)?";"Cristal onde as unidades repetidas são moléculas ligadas por forças fracas (H-bonds, van der Waals). Propriedades: baixo ponto de fusão, macio, baixa condutividade térmica/elétrica.";"mineralogia::m01::ligacao-fraca::cristal";"mineralogia-m01-oa04";"a05";"media";"Aula 05"
"mineralogia-m01-fb061";"Compare dureza: diamante (10) vs. talco (1). Qual é a razão física?";"Diamante: rede covalente 3D com C-C (muito forte); clivagem {111} tem densidade eletrônica uniforme mesmo em plano fraco. Talco: camadas com van der Waals entre; clivagem preferencial nas fraca camadas. 3D covalente >> camadas van der Waals.";"mineralogia::m01::ligacao-fraca::dureza";"mineralogia-m01-oa04";"a05";"dificil";"Aula 05; Nye"
"mineralogia-m01-fb062";"Por que a solubilidade de um mineral em água depende de ligações iônicas/H?";"Água é polar (O δ-, H δ+); H-bonds com O/N do mineral + dipolo-íon com cátions solvem o mineral. Minerais com só ligações covalentes apolar (ex. diamante) são insolúveis.";"mineralogia::m01::ligacao-fraca::solubilidade";"mineralogia-m01-oa04";"a05";"media";"Aula 05; Atkins & Jones"
"mineralogia-m01-fb063";"Qual é a constante de Avogadro e o que significa 1 mole?";"N_A = 6,02214076 × 10^23 mol^-1. Um mole é a quantidade de substância que contém exatamente 6,022 × 10^23 partículas (BIPM SI 2019).";"mineralogia::m01::mol::avogadro";"mineralogia-m01-oa05";"a06";"facil";"BIPM SI Brochure 2019"
"mineralogia-m01-fb064";"Qual é a massa molar de O2 (oxigênio molecular)?";"32,00 g/mol (16,00 × 2; O = 15,999 u por CIAAW 2024).";"mineralogia::m01::mol::molarmass";"mineralogia-m01-oa05";"a06";"facil";"CIAAW 2024; NIST"
"mineralogia-m01-fb065";"Qual é a massa molar de H2O?";"18,02 g/mol (H = 1,008, O = 16,00; 2×1,008 + 16,00 = 18,016).";"mineralogia::m01::mol::molarmass";"mineralogia-m01-oa05";"a06";"facil";"CIAAW 2024"
"mineralogia-m01-fb066";"Qual é a massa molar de quartzo (SiO2)?";"60,09 g/mol (Si = 28,085, O = 15,999; 28,085 + 2 × 15,999 = 60,083).";"mineralogia::m01::mol::molarmass";"mineralogia-m01-oa05";"a06";"facil";"CIAAW 2024"
"mineralogia-m01-fb067";"Quantos moles de SiO2 estão em 100 g de quartzo?";"100 g ÷ 60,09 g/mol = ~1,66 mol.";"mineralogia::m01::mol::calculo";"mineralogia-m01-oa05";"a06";"media";"Exemplo trabalhado, aula 06"
"mineralogia-m01-fb068";"O que é composição em óxido (ex. % SiO2) e por que é usada em geociências?";"Assume-se que todos os elementos estão na forma de óxidos (ex. CaO, MgO, Al2O3, SiO2). Convenção histórica para rochas/minerais; permite comparação padrão mesmo que a amostra contenha espécies mistas.";"mineralogia::m01::mol::oxido";"mineralogia-m01-oa05";"a06";"media";"Aula 06"
"mineralogia-m01-fb069";"Qual é a massa molar de CaF2 (fluorita)?";"78,07 g/mol (Ca = 40,078, F = 18,998; 40,078 + 2 × 18,998 = 78,074).";"mineralogia::m01::mol::molarmass";"mineralogia-m01-oa05";"a06";"facil";"CIAAW 2024"
"mineralogia-m01-fb070";"Qual é a massa molar de Al2O3 (coríndum)?";"101,96 g/mol (Al = 26,982, O = 15,999; 2 × 26,982 + 3 × 15,999 = 101,961).";"mineralogia::m01::mol::molarmass";"mineralogia-m01-oa05";"a06";"facil";"CIAAW 2024"
"mineralogia-m01-fb071";"O que é uma unidade de fórmula (formula unit) vs. molécula?";"Uma fórmula é a proporção atômica mínima (ex. NaCl tem 1 Na:1 Cl, mas não é molécula discreta; é unidade repetida na rede). Uma molécula é um aglomerado covalente (ex. O2, H2O, CO2).";"mineralogia::m01::mol::formula";"mineralogia-m01-oa05";"a06";"media";"Aula 06"
"mineralogia-m01-fb072";"Qual é a unidade SI para pressão e qual é a pressão atmosférica padrão?";"Pascal (Pa = N/m^2). Pressão atmosférica padrão = 101.325 kPa = 1,01325 bar. A pressão no centro da Terra é ~360 GPa (PREM).";"mineralogia::m01::unidades::pressao";"mineralogia-m01-oa05";"a06";"media";"BIPM SI; PREM"
"mineralogia-m01-fb073";"Converta 750 °C para Kelvin (K).";"T_K = 750 + 273,15 = 1023,15 K ≈ 1023 K.";"mineralogia::m01::unidades::temperatura";"mineralogia-m01-oa05";"a06";"facil";"BIPM SI"
"mineralogia-m01-fb074";"Qual é a relação entre Ångström (Å), nanômetro (nm) e metro (m)?";"1 Å = 10^-10 m = 0,1 nm. Raio iônico de Fe^2+ é ~0,78 Å = 0,078 nm; comprimento de ligação Si-O é ~1,62 Å.";"mineralogia::m01::unidades::comprimento";"mineralogia-m01-oa05";"a06";"media";"BIPM SI"
"mineralogia-m01-fb075";"O que é blindagem eletrônica (shielding) de elétrons internos?";"Elétrons em camadas internas reduzem a carga nuclear efetiva sentida pelos elétrons externos. Elétrons de camadas cheias blindam mais que elétrons de mesma camada.";"mineralogia::m01::atomo::blindagem";"mineralogia-m01-oa01";"a01";"media";"Aula 01; Atkins & Jones"
