geologia-avancado-m15-fb001;Qual é a diferença entre porosidade total e porosidade efetiva?;Porosidade total inclui TODOS os poros (inclusive isolados); porosidade efetiva inclui APENAS poros interconectados, disponíveis ao fluxo de fluido. A diferença é porosidade não efetiva (isolada).
geologia-avancado-m15-fb002;Por que um folhelho pode ter porosidade total alta mas permeabilidade muito baixa?;Porque a permeabilidade depende do tamanho da GARGANTA DE PORO (não do volume total), da conectividade e da presença de argila; no folhelho os poros são minúsculos e mal conectados.
geologia-avancado-m15-fb003;Qual é a fórmula e a unidade da permeabilidade?;k (letra minúscula); unidade: darcy (ou millidarcy, mD); lei de Darcy relaciona vazão ao gradiente de pressão e à permeabilidade.
geologia-avancado-m15-fb004;Como se obtém a porosidade isolada (não efetiva) numa rocha?;POR DIFERENÇA: porosidade total (por picnometria de hélio) MENOS porosidade conectada (por porosimetria de mercúrio ou saturação por líquido). Mercúrio e líquido só acessam poros conectados.
geologia-avancado-m15-fb005;Qual é o empacotamento teórico de esferas idênticas que produz MÁXIMA porosidade?;Empacotamento CÚBICO → ~47,6% de porosidade.
geologia-avancado-m15-fb006;Qual é o empacotamento teórico de esferas idênticas que produz MÍNIMA porosidade?;Empacotamento ROMBOÉDRICO (mais compacto possível) → ~26% de porosidade.
geologia-avancado-m15-fb007;Defina as TRÊS densidades distintas usadas em petrofísica.;(1) Densidade de grão/mineral: só o sólido (ex: quartzo 2,65); (2) densidade de matriz: mistura de minerais da rocha; (3) densidade bulk (aparente): rocha inteira, incluindo poros e fluido.
geologia-avancado-m15-fb008;Qual é a fórmula da densidade bulk em função de porosidade e fluido de poro?;ρ_bulk = (1 − φ) × ρ_matriz + φ × ρ_fluido (a densidade muda com a composição mineral, a porosidade E o fluido).
geologia-avancado-m15-fb009;Qual é a faixa TÍPICA de Vp/Vs para ARENITO LIMPO CONSOLIDADO?;1,6 a 1,8 (o "sólido de Poisson" 1,73 corresponde a Poisson 0,25 para arenito limpo e granito).
geologia-avancado-m15-fb010;Qual é a faixa TÍPICA de Vp/Vs para CALCÁRIO SATURADO DE ÁGUA?;1,8 a 1,9 (maior que arenito porque o carbonato é mais incompressível; 1,85 é um valor típico).
geologia-avancado-m15-fb011;Se você encontra Vp/Vs = 1,73 num intervalo que se supõe CARBONÁTICO, o que isso SIGNIFICA geofisicamente?;Desconfia da litologia atribuída — 1,73 é assinatura de arenito limpo/granito, NÃO de calcário. Reconsidere a interpretação.
geologia-avancado-m15-fb012;Como a saturação de fluido (água vs. gás) afeta Vp, Vs e a razão Vp/Vs?;Saturar com água em vez de gás AUMENTA Vp (por aumentar K) mas deixa Vs inalterado (G é insensível ao fluido). Razão Vp/Vs CAI com a presença de gás (é o "bright spot").
geologia-avancado-m15-fb013;Qual é a fórmula para Vp em termos de módulos elásticos e densidade?;Vp = √[(K + 4G/3) / ρ]
geologia-avancado-m15-fb014;Qual é a fórmula para Vs em termos de módulo de cisalhamento e densidade?;Vs = √(G / ρ)
geologia-avancado-m15-fb015;Por que a onda S (Vs) NÃO se propaga em fluidos?;Porque Vs depende APENAS do módulo de cisalhamento (G), e fluidos têm G = 0 — não resistem a cisalhamento.
geologia-avancado-m15-fb016;Qual é a faixa TÍPICA de Vp para GREDA (chalk) muito porosa?;2,3 a 2,6 km/s — mais lenta que a maioria dos arenitos, APESAR de ser carbonato, porque a porosidade manda mais que a litologia.
geologia-avancado-m15-fb017;Qual é o significado físico do módulo de compressibilidade (K)?;K mede a resistência a MUDAR DE VOLUME sob pressão hidrostática; quanto maior K, mais incompressível o material.
geologia-avancado-m15-fb018;Qual é o significado físico do módulo de cisalhamento (G)?;G mede a resistência a MUDAR DE FORMA (distorção) sem mudar volume; quanto maior G, mais rígido o material.
geologia-avancado-m15-fb019;O que significa o coeficiente de Poisson (σ) ter valor 0,5?;Significa que o material é PERFEITAMENTE INCOMPRESSÍVEL (não muda volume ao ser deformado); isso ocorre quando K >> G ou quando G → 0.
geologia-avancado-m15-fb020;Qual é a faixa TÍPICA do coeficiente de Poisson para rocha SECA consolidada?;0,1 a 0,3
geologia-avancado-m15-fb021;Qual é a faixa TÍPICA do coeficiente de Poisson para a MESMA rocha SATURADA de água?;0,25 a 0,35 (água eleva K sem tocar em G, aumentando Poisson).
geologia-avancado-m15-fb022;Qual mineral de óxido de ferro domina a susceptibilidade magnética de uma rocha, mesmo em concentração < 1% em volume?;MAGNETITA (Fe₃O₄) — sua susceptibilidade intrínseca é ordens de grandeza maior que a de qualquer silicato paramagnético.
geologia-avancado-m15-fb023;Cite os TRÊS contribuintes ferrimagnéticos relevantes de uma rocha (além de magnetita).;Titanomagnetitas (série magnetita–ulvöspinélio), maghemita (γ-Fe₂O₃) e pirrotita monoclínica (Fe₇S₈).
geologia-avancado-m15-fb024;A ilmenita (FeTiO₃) é uma fonte relevante de magnetismo em rochas geológicas? Justifique.;NÃO — sua temperatura de Néel fica em torno de 57 K; acima dela (qualquer condição geológica) a ilmenita é PARAMAGNÉTICA, não ferrimagnética. Classificada entre óxidos fracamente magnéticos.
geologia-avancado-m15-fb025;Por que um granito de série ilmenita é fracamente magnético, enquanto um de série magnetita é forte?;Porque o granito de série ilmenita cristaliza ILMENITA (paramagnética) em vez de magnetita (ferrimagnética) — ausência de magnetita, não presença de ilmenita fraca.
geologia-avancado-m15-fb026;O que é hematita (Fe₂O₃) em termos de comportamento magnético e por quê?;Hematita é antiferromagnética com um resíduo de antiferromagnetismo INCLINADO (canted); susceptibilidade ~3 ordens de grandeza menor que magnetita — "ter óxido de ferro" ≠ "ser fortemente magnético".
geologia-avancado-m15-fb027;Cite os TRÊS comportamentos magnéticos e um exemplo de mineral para cada.;(1) Diamagnetismo (quartzo, calcita); (2) Paramagnetismo (biotita, piroxênio, ilmenita em condições geológicas); (3) Ferromagnetismo/ferrimagnetismo (magnetita, titanomagnetita).
geologia-avancado-m15-fb028;Formações ferríferas são SEMPRE fortemente magnéticas?;NÃO — são fortemente magnéticas APENAS nas fácies RICAS EM MAGNETITA (itabiritos magnetíticos); itabiritos e minérios hematíticos, apesar do ferro alto, são fracamente magnéticos.
geologia-avancado-m15-fb029;A radioatividade natural das rochas vem de QUANTAS SÉRIES de decaimento e de QUANTOS ISÓTOPOS isolados?;DUAS séries de decaimento (U e Th) + UM isótopo isolado (⁴⁰K). NÃO são três séries.
geologia-avancado-m15-fb030;Qual é o ramo de decaimento do ⁴⁰K e qual o fóton gama detectado?;~89% β⁻ para ⁴⁰Ca + ~11% captura eletrônica para ⁴⁰Ar; o gama de 1,46 MeV vem do ramo de captura eletrônica.
geologia-avancado-m15-fb031;Qual é o produto-filho do URÂNIO que a espectrometria gama detecta e qual o fóton característico?;²¹⁴Bi em 1,76 MeV (porque U praticamente não emite gama útil ele próprio).
geologia-avancado-m15-fb032;Qual é o produto-filho do TÓRIO que a espectrometria gama detecta e qual o fóton característico?;²⁰⁸Tl em 2,61 MeV (porque Th praticamente não emite gama útil ele próprio).
geologia-avancado-m15-fb033;Por que potássio é reportado em % de massa, enquanto urânio e tório são reportados como ppm EQUIVALENTE (eU, eTh)?;Porque K é medido DIRETAMENTE (no próprio fóton de 1,46 MeV do ⁴⁰K); U e Th são medidos nos PRODUTOS-FILHOS (²¹⁴Bi e ²⁰⁸Tl), daí o termo "equivalente".
geologia-avancado-m15-fb034;Qual é o pressuposto da espectrometria gama ao reportar eU e eTh, e qual é a EXCEÇÃO mais frequente?;O pressuposto é EQUILÍBRIO SECULAR da cadeia de decaimento; a exceção é a fuga do radônio gasoso (²²²Rn) na série do U, tornando o canal de urânio o MENOS CONFIÁVEL dos três.
geologia-avancado-m15-fb035;Qual é a regra de referência (IAEA) para a razão Th/U em rocha não alterada?;Th/U ≈ 2 a 7 = rocha não alterada; < 2 = enriquecimento de U em ambiente redutor; > 7 = lixiviação de U por intemperismo oxidante.
geologia-avancado-m15-fb036;Em quais minerais se concentram o potássio, urânio e tório?;K: feldspato potássico, micas, argilominerais; U e Th: últimos líquidos de cristalização magmática, minerais acessórios (zircão, monazita), U também em ambientes redutores sedimentares.
geologia-avancado-m15-fb037;Qual é a origem FÍSICA da condutividade elétrica de uma rocha porosa sedimentar?;NÃO é a matriz mineral (quartzo, feldspato são isolantes), mas a ÁGUA SALGADA que preenche os poros — íons dissolvidos conduzem corrente eletrolítica através da rede interconectada.
geologia-avancado-m15-fb038;Qual é a Lei de Archie PRIMEIRA PARTE: fórmula do fator de formação F em termos de porosidade (φ), e o que ele relaciona?;F = a / φ^m; relaciona R₀ (resistividade 100% saturada de água) a Rw (resistividade da água de formação): R₀ = F × Rw.
geologia-avancado-m15-fb039;Cite os DOIS pares de (a, m) mais usados na Lei de Archie.;(1) Forma "de Archie": a = 1 com m = 1,8–2,0; (2) Fórmula de Humble (Winsauer et al., 1952): a = 0,62 COM m = 2,15.
geologia-avancado-m15-fb040;A Lei de Archie SEGUNDA PARTE: fórmula da saturação de água Sw em termos de F, Rw, Rt e o expoente de saturação n.;Sw = (F × Rw / Rt)^(1/n) = (a × Rw / (φ^m × Rt))^(1/n), onde Rt é resistividade real medida e n é tipicamente ~2 em rocha molhável por água.
geologia-avancado-m15-fb041;Qual é o significado da segunda armadilha de Archie: por que n NÃO é sempre 2?;Porque n é funcão forte da MOLHABILIDADE: n ≈ 1,6 em rocha water-wet (água forma filme contínuo), n ≈ 1,9 neutro, n ≈ 8 em oil-wet (água se rompe em gotas desconectadas). Herdar n=2 numa rocha oil-wet SUBESTIMA Sw e SUPERESTIMA hidrocarboneto.
geologia-avancado-m15-fb042;Em unidades numéricas: se o quociente (F × Rw / Rt) = 0,138, qual é Sw com n=2 e qual é com n=8?;n=2: Sw = 0,138^(1/2) = 0,371 → 37%; n=8: Sw = 0,138^(1/8) = 0,78 → 78% (mais que o dobro!).
geologia-avancado-m15-fb043;O que muda na onda sísmica quando você passa de saturação de gás para saturação de água numa rocha?;Vs fica quase IGUAL (G insensível ao fluido); Vp SOBE (K sobe); razão Vp/Vs SOBE (contrapartida do "bright spot" de gás).
geologia-avancado-m15-fb044;Cite os TRÊS métodos geofísicos que dependem, em algum grau, da mesma variável subjacente: porosidade e fluido de poro.;Gravimetria (densidade), sísmica (velocidade) e eletrorresistividade/eletromagnetismo (condutividade).
geologia-avancado-m15-fb045;Cite os DOIS métodos geofísicos que são CEGOS à porosidade e ao fluido de poro, e por isso RESOLVEM a ambiguidade dos outros três.;Magnetometria (cega a tudo que não seja magnetita/titanomagnetita) e gamaespectrometria (cega a profundidade e a fluido).
