geologia-avancado-m15-fc001;"Porosidade é a razão entre o volume de {{c1::poros}} e o {{c1::volume total}} da rocha, expressa como fração ou percentual."
geologia-avancado-m15-fc002;"{{c1::Porosidade primária}} é a que existe desde a formação da rocha (espaço entre grãos na deposição); {{c1::porosidade secundária}} é criada depois (dissolução, fraturamento, dolomitização)."
geologia-avancado-m15-fc003;"{{c1::Porosidade total}} inclui {{c1::todos}} os poros, inclusive isolados; {{c1::porosidade efetiva}} inclui apenas {{c1::poros interconectados}}, disponíveis ao fluxo."
geologia-avancado-m15-fc004;"A {{c1::porosimetria de mercúrio}} mede apenas o espaço {{c1::conectado}}, porque o mercúrio só consegue entrar em poros acessíveis — ela NÃO consegue alcançar poros isolados."
geologia-avancado-m15-fc005;"A diferença entre porosidade total e porosidade conectada dá a {{c1::porosidade isolada}}, que é obtida {{c1::por diferença}}, não diretamente medida."
geologia-avancado-m15-fc006;"Empacotamento {{c1::cúbico}} de esferas idênticas produz ~{{c1::47,6%}} de porosidade teórica."
geologia-avancado-m15-fc007;"Empacotamento {{c1::romboédrico}} (mais compacto possível) de esferas idênticas produz ~{{c1::26%}} de porosidade teórica."
geologia-avancado-m15-fc008;"{{c1::Permeabilidade}} mede a capacidade de um meio poroso de {{c1::transmitir fluido}}, dependendo do tamanho das {{c1::gargantas de poro}}, da conectividade e da presença de {{c1::argila}}."
geologia-avancado-m15-fc009;"A unidade de permeabilidade é o {{c1::darcy}} (ou {{c1::millidarcy}}, mD), definida a partir da {{c1::lei de Darcy}} para fluxo laminar."
geologia-avancado-m15-fc010;"Porosidade alta não implica {{c1::permeabilidade}} alta — o que importa é o {{c1::tamanho da garganta de poro}}, não o volume total."
geologia-avancado-m15-fc011;"A {{c1::densidade bulk}} (ou densidade aparente) é a densidade da rocha {{c1::inteira}}, incluindo {{c1::poros}} e {{c1::fluido}}."
geologia-avancado-m15-fc012;"Fórmula da densidade bulk: ρ_bulk = {{c1::(1 − φ) × ρ_matriz + φ × ρ_fluido}}}}"
geologia-avancado-m15-fc013;"{{c1::Módulo de compressibilidade}} (K) mede a resistência de um material a mudar de {{c1::volume}} sob pressão hidrostática."
geologia-avancado-m15-fc014;"{{c1::Módulo de cisalhamento}} (G ou μ) mede a resistência de um material a mudar de {{c1::forma}}  (distorção) sem mudar volume."
geologia-avancado-m15-fc015;"Fluidos (líquidos e gases) têm {{c1::módulo de cisalhamento}} = {{c1::0}}, portanto não resistem a {{c1::cisalhamento}}."
geologia-avancado-m15-fc016;"Fórmula de Vp (onda P): Vp = √[({{c1::K + 4G/3}}) / ρ]"
geologia-avancado-m15-fc017;"Fórmula de Vs (onda S): Vs = √({{c1::G}} / ρ)"
geologia-avancado-m15-fc018;"A onda {{c1::P}} (primária) se propaga em {{c1::sólidos, líquidos e gases}}; a onda {{c1::S}} (secundária) depende de {{c1::G}} e {{c1::não se propaga em fluidos}}."
geologia-avancado-m15-fc019;"Saturar uma rocha porosa com {{c1::água}} em vez de {{c1::gás}} {{c1::aumenta}} Vp (por aumentar K) mas deixa Vs {{c1::praticamente inalterado}} (G insensível ao fluido)."
geologia-avancado-m15-fc020;"{{c1::Vp/Vs}} = {{c1::√3}} ≈ {{c1::1,73}} corresponde ao {{c1::'sólido de Poisson'}} (coeficiente de Poisson = 0,25) e é assinatura de {{c1::arenito limpo consolidado}} e {{c1::granito}}, NÃO de {{c1::calcário saturado}}."
geologia-avancado-m15-fc021;"A faixa típica {{c1::Vp/Vs}} para CARBONATO saturado é {{c1::1,8 a 1,9}} (maior que arenito {{c1::1,6 a 1,8}}) porque o carbonato é mais {{c1::incompressível}}."
geologia-avancado-m15-fc022;"{{c1::Greda}} (chalk) porosa tem Vp de {{c1::2,3–2,6 km/s}}, {{c1::mais lenta}} que a maioria dos arenitos, porque {{c1::a porosidade}} manda mais que {{c1::a litologia}}."
geologia-avancado-m15-fc023;"O {{c1::coeficiente de Poisson}} tem {{c1::0,5}} como limite superior teórico, atingido quando o material é {{c1::perfeitamente incompressível}} (não muda volume ao ser deformado)."
geologia-avancado-m15-fc024;"{{c1::Incompressibilidade}} é uma propriedade {{c1::volumétrica}}, não de {{c1::cisalhamento}} — ocorre quando {{c1::K >> G}} ou {{c1::G → 0}}}}"
geologia-avancado-m15-fc025;"Rocha seca consolidada tem Poisson {{c1::0,1–0,3}}; a mesma rocha saturada de água tem Poisson {{c1::0,25–0,35}} (água {{c1::eleva K}}} sem tocar em G)."
geologia-avancado-m15-fc026;"{{c1::Diamagnetismo}} é resposta {{c1::fraca}}, {{c1::oposta}} ao campo; exemplo: {{c1::quartzo}}, {{c1::calcita}}}}"
geologia-avancado-m15-fc027;"{{c1::Paramagnetismo}} é resposta {{c1::fraca}}, {{c1::na direção}} do campo, sem {{c1::magnetização remanente}}; exemplo: {{c1::biotita}}, {{c1::piroxênio}}}}"
geologia-avancado-m15-fc028;"{{c1::Ferromagnetismo}}/{{c1::ferrimagnetismo}} é resposta {{c1::forte}}, com {{c1::magnetização espontânea}} e {{c1::magnetização remanente}} possível; exemplo: {{c1::magnetita}}}}"
geologia-avancado-m15-fc029;"{{c1::Magnetita}} (Fe₃O₄) domina a susceptibilidade magnética de uma rocha mesmo em concentração {{c1::<}} {{c1::1%}} em volume, porque sua susceptibilidade intrínseca é {{c1::ordens de grandeza}} maior."
geologia-avancado-m15-fc030;"Depois de magnetita, os contribuintes ferrimagnéticos relevantes são: {{c1::titanomagnetitas}}} (série magnetita–ulvöspinélio), {{c1::maghemita}}} (γ-Fe₂O₃) e {{c1::pirrotita monoclínica}}} (Fe₇S₈)."
geologia-avancado-m15-fc031;"{{c1::Ilmenita}} (FeTiO₃) tem temperatura de Néel de ~{{c1::57 K}}; acima dela (qualquer condição geológica) é {{c1::paramagnética}}, {{c1::não}} ferrimagnética."
geologia-avancado-m15-fc032;"Um granito de série {{c1::ilmenita}} é fracamente magnético porque cristaliza {{c1::ilmenita}} (paramagnética) em vez de {{c1::magnetita}} (ferrimagnética)."
geologia-avancado-m15-fc033;"{{c1::Hematita}} (Fe₂O₃) é {{c1::antiferromagnética}} (antiferromagnetismo {{c1::inclinado}}) e tem susceptibilidade ~{{c1::3 ordens de grandeza}} menor que magnetita."
geologia-avancado-m15-fc034;"{{c1::'Ter óxido de ferro'}} NÃO implica {{c1::'ser fortemente magnético'}} — a hematita, apesar de Fe₂O₃, é {{c1::fracamente magnética}} comparada à magnetita."
geologia-avancado-m15-fc035;"{{c1::Formações ferríferas}} são {{c1::fortemente magnéticas}} apenas nas fácies ricas em {{c1::magnetita}}; itabiritos e minérios {{c1::hematíticos}}} são {{c1::fracamente magnéticos}}}}, apesar do ferro alto."
geologia-avancado-m15-fc036;"A radioatividade natural das rochas vem de {{c1::duas séries}} de decaimento ({{c1::U}} e {{c1::Th}}) e {{c1::um isótopo}}} isolado ({{c1::⁴⁰K}}}})."
geologia-avancado-m15-fc037;"O {{c1::⁴⁰K}} decai {{c1::diretamente}}: ~{{c1::89%}} β⁻ para {{c1::⁴⁰Ca}} e ~{{c1::11%}} captura eletrônica para {{c1::⁴⁰Ar}}}}"
geologia-avancado-m15-fc038;"O ramo de captura eletrônica do ⁴⁰K emite um fóton gama de {{c1::1,46 MeV}}}}"
geologia-avancado-m15-fc039;"A série do {{c1::urânio}} é detectada pelo produto-filho {{c1::²¹⁴Bi}}} em {{c1::1,76 MeV}}}}"
geologia-avancado-m15-fc040;"A série do {{c1::tório}} é detectada pelo produto-filho {{c1::²⁰⁸Tl}}} em {{c1::2,61 MeV}}}}"
geologia-avancado-m15-fc041;"{{c1::Potássio}}} é reportado em {{c1::% de massa}} porque é medido {{c1::diretamente}}; {{c1::urânio}}} e {{c1::tório}}} são reportados em {{c1::ppm equivalente}}} (eU, eTh) porque são medidos nos {{c1::produtos-filhos}}}}"
geologia-avancado-m15-fc042;"O pressuposto de {{c1::equilíbrio secular}}} é frequentemente violado na série do {{c1::urânio}}} pela fuga do {{c1::radônio}} (²²²Rn) gasoso, tornando o {{c1::canal de urânio}} o {{c1::menos confiável}} dos três."
geologia-avancado-m15-fc043;"A régua {{c1::IAEA}}} para Th/U em rocha não alterada é {{c1::~2 a 7}}; < 2 indica {{c1::ambiente redutor}}; > 7 indica {{c1::lixiviação de U por intemperismo}}}}"
geologia-avancado-m15-fc044;"A condutividade elétrica de uma rocha porosa sedimentar vem da {{c1::água salgada}}} que preenche os {{c1::poros interconectados}}}}, {{c1::não}} da matriz mineral (que é isolante)."
geologia-avancado-m15-fc045;"Lei de Archie PRIMEIRA PARTE: {{c1::F}} = {{c1::a / φ^m}}}}, onde {{c1::F}}} relaciona {{c1::R₀}}} (resistividade 100% saturada de água) a {{c1::Rw}}} (resistividade da água de formação)."
geologia-avancado-m15-fc046;"Os parâmetros {{c1::a}}} e {{c1::m}}} da Lei de Archie {{c1::não são independentes}}; vêm em {{c1::pares calibrados}}. Forma 'de Archie': a=1 com m=1,8–2,0; Fórmula de Humble: a=0,62 COM m=2,15."
geologia-avancado-m15-fc047;"Lei de Archie SEGUNDA PARTE: {{c1::Sw}}}} = {{c1::(F × Rw / Rt)^(1/n)}}}, onde {{c1::n}}}} é o {{c1::expoente de saturação}}}}, tipicamente ~2 em rocha {{c1::molhável por água}}}}"
geologia-avancado-m15-fc048;"O expoente {{c1::n}}} de Archie {{c1::varia com a molhabilidade}}: ~{{c1::1,6}}} em water-wet (filme contínuo de água), ~{{c1::1,9}}} neutro, ~{{c1::8}}}} em oil-wet (água em gotas desconectadas)."
geologia-avancado-m15-fc049;"Herdar n=2 numa rocha oil-wet {{c1::subestima}}} Sw e {{c1::superestima}}}} o {{c1::hidrocarboneto}}}} — erro na {{c1::direção perigosa}}} para decisão de perfuração."
geologia-avancado-m15-fc050;"{{c1::Sísmica de reflexão}}}} depende do contraste de {{c1::impedância acústica}}} (densidade × velocidade); {{c1::sísmica de refração}}}} depende do contraste de {{c1::velocidade}}}} apenas (insensível à densidade)."
