id;frente;verso;tags;objetivo;aula;dificuldade;fonte
gemologia-m03-fb001;Quais são as três dimensões independentes do sistema de descrição de cor do GIA?;Matiz (que cor é), tom (quão escura) e saturação (quão viva).;gemologia::gemas-coradas::graduacao;gemologia-m03-oa01;gemologia-m03-a01;facil;Aula 01 — GIA Colored Stones course
gemologia-m03-fb002;No sistema do GIA, o que exatamente o TOM mede?;Quão clara ou escura a cor é, de incolor a preto.;gemologia::gemas-coradas::graduacao;gemologia-m03-oa01;gemologia-m03-a01;facil;Aula 01 — GIA Colored Stones course
gemologia-m03-fb003;No sistema do GIA, o que exatamente a SATURAÇÃO mede?;Quão pura e viva a cor é, contra quão acinzentada ou amarronzada.;gemologia::gemas-coradas::graduacao;gemologia-m03-oa01;gemologia-m03-a01;facil;Aula 01 — GIA Colored Stones course
gemologia-m03-fb004;Com quantos matizes o sistema de cor do GIA trabalha?;31 matizes distribuídos pelo círculo cromático.;gemologia::gemas-coradas::graduacao;gemologia-m03-oa01;gemologia-m03-a01;medio;Aula 01 — GIA Colored Stones course
gemologia-m03-fb005;Na escrita do nome de cor, qual matiz vem primeiro e qual vem por último?;O modificador vem antes e o dominante vem depois. A última palavra é sempre o que a pedra é.;gemologia::gemas-coradas::graduacao;gemologia-m03-oa01;gemologia-m03-a01;medio;Aula 01 — GIA Colored Stones course
gemologia-m03-fb006;Azul esverdeado e verde azulado nomeiam a mesma cor?;Não. São cores diferentes, com diferença de preço possivelmente grande, porque o matiz dominante é o último.;gemologia::gemas-coradas::graduacao;gemologia-m03-oa01;gemologia-m03-a01;medio;Aula 01 — GIA Colored Stones course
gemologia-m03-fb007;Qual a amplitude da escala de tom do GIA e onde fica o ótimo de valor?;De 0 (incolor) a 10 (preto), útil entre 2 e 8, com o ótimo em geral entre 5 e 7.;gemologia::gemas-coradas::graduacao;gemologia-m03-oa01;gemologia-m03-a01;medio;Aula 01 — GIA Colored Stones course
gemologia-m03-fb008;Entre que valores vai a escala de saturação do GIA, e o que é o nível máximo?;De 1 a 6, sendo 6 o vívido.;gemologia::gemas-coradas::graduacao;gemologia-m03-oa01;gemologia-m03-a01;medio;Aula 01 — GIA Colored Stones course
gemologia-m03-fb009;Qual componente neutro rebaixa a saturação em matiz quente, e qual em matiz frio?;Marrom nos matizes quentes (vermelho a amarelo) e cinza nos matizes frios (verde a roxo).;gemologia::gemas-coradas::graduacao;gemologia-m03-oa01;gemologia-m03-a01;dificil;Aula 01 — GIA Colored Stones course
gemologia-m03-fb010;Um rubi de saturação baixa parece acinzentado ou amarronzado?;Amarronzado. O poluente do matiz quente é o marrom, não o cinza.;gemologia::gemas-coradas::graduacao;gemologia-m03-oa01;gemologia-m03-a01;medio;Aula 01 — GIA Colored Stones course
gemologia-m03-fb011;Como se escreve a notação de cor do GIA para gema corada?;Matiz seguido de tom/saturação — por exemplo, azul levemente esverdeado 6/5.;gemologia::gemas-coradas::graduacao;gemologia-m03-oa01;gemologia-m03-a01;medio;Aula 01 — GIA Colored Stones course
gemologia-m03-fb012;O que é o GemSet, e quantas referências ele contém?;O conjunto de referências plásticas de cor do GIA, com 324 peças, usado para comparar a pedra lado a lado em vez de julgar de memória.;gemologia::gemas-coradas::graduacao;gemologia-m03-oa01;gemologia-m03-a01;medio;Aula 01 — GIA GemSet
gemologia-m03-fb013;Quatro coisas alteram a cor aparente de face sem alterar a cor de corpo. Quais?;Pleocroísmo, mudança de cor pela fonte de luz, zoneamento e janela de lapidação.;gemologia::gemas-coradas::graduacao;gemologia-m03-oa01;gemologia-m03-a01;dificil;Aula 01 — Gem-A Gemmology Foundation
gemologia-m03-fb014;Por que os quatro fatores do diamante não se transferem para a gema corada?;Porque o diamante de gema é um material só com uma cor desejada, o que permite escala universal. Gema corada são dezenas de espécies, cada uma com sua faixa de cor, expectativa de pureza e conjunto de tratamentos.;gemologia::gemas-coradas::graduacao;gemologia-m03-oa02;gemologia-m03-a02;medio;"Aula 02 — GIA Colored Stones course; CIBJO"
gemologia-m03-fb015;Em que família de gemas a cor deixa de ser o fator dominante de valor?;Nas gemas fenomenais — opala, alexandrita, pedra-da-lua, olho-de-gato e estreladas —, em que a qualidade do efeito domina e a cor de corpo entra depois.;gemologia::gemas-coradas::graduacao;gemologia-m03-oa02;gemologia-m03-a02;medio;Aula 02 — GIA Colored Stone Quality Factors
gemologia-m03-fb016;Qual é a régua prática de pureza em gema corada, e por que não é a lupa?;O olho nu, a cerca de 15 cm. A lupa de 10x é a régua do diamante e rejeitaria material perfeitamente comercial.;gemologia::gemas-coradas::graduacao;gemologia-m03-oa02;gemologia-m03-a02;medio;Aula 02 — GIA Colored Stones course
gemologia-m03-fb017;O termo eye-clean tem definição normativa?;Não. É termo de comércio, sem norma — por isso convém perguntar a que distância e sob que luz.;gemologia::gemas-coradas::graduacao;gemologia-m03-oa02;gemologia-m03-a02;facil;Aula 02 — CIBJO Gemstone Blue Book
gemologia-m03-fb018;O GIA emite grau de lapidação para gema corada?;Não. Um grau exigiria um modelo óptico por espécie, por índice e por faixa de cor, e ele não existe.;gemologia::gemas-coradas::graduacao;gemologia-m03-oa02;gemologia-m03-a02;medio;Aula 02 — GIA Colored Stone Services
gemologia-m03-fb019;Que critérios substituem o grau de lapidação na avaliação do corte de uma gema corada?;Rendimento de cor, ausência de janela, ausência de extinção, simetria e polimento, espessura de cinturão e orientação.;gemologia::gemas-coradas::graduacao;gemologia-m03-oa02;gemologia-m03-a02;dificil;Aula 02 — GIA Colored Stones course
gemologia-m03-fb020;Por que existe o corte nativo, pesado e com janela?;Porque lapidar bem custa peso, e peso é o que se paga no bruto. A pedra recortada perde peso e ganha preço por quilate.;gemologia::gemas-coradas::graduacao;gemologia-m03-oa02;gemologia-m03-a02;medio;Aula 02 — Gem-A Gemmology Foundation
gemologia-m03-fb021;Em gema pleocroica, quem decide qual cor fica de face?;O lapidário, ao escolher a orientação — decisão tomada antes de qualquer faceta ser cortada, e que pode dobrar ou reduzir à metade o valor.;gemologia::gemas-coradas::graduacao;gemologia-m03-oa02;gemologia-m03-a02;medio;Aula 02 — GIA Gem Encyclopedia
gemologia-m03-fb022;Por que um quilate de esmeralda parece maior que um quilate de safira?;Porque quilate mede massa, não tamanho, e a esmeralda tem densidade próxima de 2,72 contra cerca de 4,00 da safira.;gemologia::gemas-coradas::graduacao;gemologia-m03-oa02;gemologia-m03-a02;medio;Aula 02 — GIA 4Cs Carat Weight
gemologia-m03-fb023;Para que servem as pedras calibradas?;Para caber em montagem de série, porque o que importa na montagem é a medida em milímetros e não o peso.;gemologia::gemas-coradas::graduacao;gemologia-m03-oa02;gemologia-m03-a02;facil;Aula 02 — CIBJO
gemologia-m03-fb024;Qual é o princípio de mercado que rege o desconto por tratamento?;Quanto mais comum o tratamento na espécie, menos ele desconta — e maior o prêmio do material comprovadamente não tratado.;gemologia::gemas-coradas::graduacao;gemologia-m03-oa02;gemologia-m03-a02;medio;"Aula 02 — GIA Gem Treatments; LMHC"
gemologia-m03-fb025;A determinação de origem geográfica é uma medida?;"Não. É opinião comparativa, apoiada em química de elementos-traço e inclusões contra bancos de dados; laboratórios competentes podem divergir, e origem não indica qualidade.";gemologia::gemas-coradas::graduacao;gemologia-m03-oa02;gemologia-m03-a02;dificil;"Aula 02 — GIA Country of Origin; LMHC"
gemologia-m03-fb026;O tipo de pureza I, II ou III classifica a pedra ou a espécie?;A espécie. Diz-se que esmeralda é espécie tipo III, e que esta pedra é boa ou ruim para uma tipo III.;gemologia::gemas-coradas::graduacao;gemologia-m03-oa03;gemologia-m03-a03;medio;Aula 03 — GIA Colored Stones course
gemologia-m03-fb027;O que caracteriza uma espécie tipo I no sistema do GIA?;Costuma ocorrer sem inclusão visível a olho nu.;gemologia::gemas-coradas::graduacao;gemologia-m03-oa03;gemologia-m03-a03;facil;Aula 03 — GIA Colored Stones course
gemologia-m03-fb028;O que caracteriza uma espécie tipo III?;Quase sempre ocorre com inclusões visíveis a olho nu.;gemologia::gemas-coradas::graduacao;gemologia-m03-oa03;gemologia-m03-a03;facil;Aula 03 — GIA Colored Stones course
gemologia-m03-fb029;Cite quatro espécies classificadas como tipo I de pureza.;Água-marinha, morganita, tanzanita e topázio azul (também heliodoro, crisoberilo, zircão e espodumênio).;gemologia::gemas-coradas::graduacao;gemologia-m03-oa03;gemologia-m03-a03;medio;Aula 03 — GIA Colored Stones course
gemologia-m03-fb030;Que espécies de mercado o GIA situa no tipo II, em que algumas inclusões visíveis são o esperado?;Rubi, safira, granada e espinélio (também peridoto, iolita e a maioria das turmalinas).;gemologia::gemas-coradas::graduacao;gemologia-m03-oa03;gemologia-m03-a03;medio;Aula 03 — GIA Colored Stones course
gemologia-m03-fb031;Quais materiais o GIA classifica como tipo III?;Esmeralda, turmalina vermelha (rubelita) e turmalina verde (verdelita).;gemologia::gemas-coradas::graduacao;gemologia-m03-oa03;gemologia-m03-a03;medio;Aula 03 — GIA Colored Stones course
gemologia-m03-fb032;Por que a água-marinha cresce limpa e a esmeralda não?;A água-marinha cresce em cavidade de pegmatito, com espaço e fluido estáveis. A esmeralda cresce onde o berílio granítico encontra cromo ou vanádio de outra rocha, numa zona de reação turbulenta.;gemologia::gemas-coradas::graduacao;gemologia-m03-oa03;gemologia-m03-a03;dificil;Aula 03 — GIA Emerald Description
gemologia-m03-fb033;O que uma esmeralda perfeitamente limpa deve provocar no gemólogo?;Desconfiança, não comemoração. Levanta a hipótese de material crescido em laboratório e exige microscópio.;gemologia::gemas-coradas::graduacao;gemologia-m03-oa03;gemologia-m03-a03;medio;Aula 03 — GIA Emerald Quality Factors
gemologia-m03-fb034;O que é uma inclusão trifásica e o que ela sustenta?;Uma cavidade com líquido, bolha de gás e cristal sólido. É característica de esmeralda natural e serve de evidência de origem natural e, às vezes, de procedência.;gemologia::gemas-coradas::graduacao;gemologia-m03-oa03;gemologia-m03-a03;medio;Aula 03 — Gübelin & Koivula, Photoatlas
gemologia-m03-fb035;De que três formas concretas o tipo de pureza muda o julgamento de uma pedra?;Calibra o desconto, inverte o sinal de alarme diante de limpeza excessiva e muda o que se procura no microscópio.;gemologia::gemas-coradas::graduacao;gemologia-m03-oa03;gemologia-m03-a03;dificil;Aula 03 — GIA Colored Stones course
gemologia-m03-fb036;Em que três situações uma inclusão acrescenta valor ou informação?;Quando é diagnóstica de naturalidade ou origem, quando produz o próprio fenômeno (asterismo, chatoyance) e quando serve de identidade da pedra.;gemologia::gemas-coradas::graduacao;gemologia-m03-oa03;gemologia-m03-a03;medio;Aula 03 — GIA Gem Identification
gemologia-m03-fb037;Uma fissura que atinge a superfície é problema de pureza?;Não. É de durabilidade — eixo distinto, com risco de propagação e possível indício de preenchimento, independentemente do tipo da espécie.;gemologia::gemas-coradas::graduacao;gemologia-m03-oa03;gemologia-m03-a03;medio;Aula 03 — GIA Gemstone Durability
gemologia-m03-fb038;Qual a composição e o sistema cristalino do coríndon?;Al2O3, sistema trigonal.;gemologia::gemas-coradas::corindon;gemologia-m03-oa04;gemologia-m03-a04;facil;"Aula 04 — Mindat; IMA-CNMNC"
gemologia-m03-fb039;Que conjunto de quatro medidas funciona como assinatura do coríndon na bancada?;IR 1,762–1,770, birrefringência 0,008, uniaxial negativo e densidade relativa próxima de 4,00.;gemologia::gemas-coradas::corindon;gemologia-m03-oa04;gemologia-m03-a04;medio;"Aula 04 — GIA Gem Encyclopedia; Gem-A"
gemologia-m03-fb040;Onde está a divisão entre rubi e safira?;"Rubi é o coríndon vermelho; safira é o coríndon de qualquer outra cor, inclusive incolor. É convenção de mercado, não divisão da natureza.";gemologia::gemas-coradas::corindon;gemologia-m03-oa04;gemologia-m03-a04;facil;"Aula 04 — GIA Gem Encyclopedia; CIBJO"
gemologia-m03-fb041;Existe teste físico que separe rubi de safira rosa?;Não. A fronteira é uma convenção de laboratório e de mercado, e laboratórios diferentes a traçam em lugares levemente diferentes.;gemologia::gemas-coradas::corindon;gemologia-m03-oa04;gemologia-m03-a04;medio;"Aula 04 — LMHC; CIBJO"
gemologia-m03-fb042;O que é padparadscha, e por que o LMHC publica ficha sobre ela?;É o coríndon de matiz entre rosa e laranja. A ficha harmoniza o uso do termo entre laboratórios, porque a fronteira é escorregadia e cara.;gemologia::gemas-coradas::corindon;gemologia-m03-oa04;gemologia-m03-a04;medio;Aula 04 — LMHC Information Sheet
gemologia-m03-fb043;O coríndon tem clivagem?;Nenhuma. Mas cristais geminados apresentam partição em planos de geminação, que se comporta como plano de fraqueza no engaste e no repolimento.;gemologia::gemas-coradas::corindon;gemologia-m03-oa04;gemologia-m03-a04;medio;"Aula 04 — Mindat; Gem-A"
gemologia-m03-fb044;Quais cromóforos produzem, no coríndon, o vermelho, o azul e o amarelo?;"Cr3+ produz vermelho e rosa; o par Fe2+–Ti4+ por transferência de carga produz azul; Fe3+ produz amarelo e laranja.";gemologia::gemas-coradas::corindon;gemologia-m03-oa04;gemologia-m03-a04;medio;Aula 04 — GIA, Corundum Chromophores (2020)
gemologia-m03-fb045;Por que um rubi de Mianmar fluoresce forte e um da Tailândia quase não fluoresce?;Porque o ferro suprime a fluorescência do cromo, e o material tailandês é rico em ferro. A lâmpada UV vira pista indireta de procedência, nunca prova.;gemologia::gemas-coradas::corindon;gemologia-m03-oa04;gemologia-m03-a04;dificil;Aula 04 — GIA Ruby Description
gemologia-m03-fb046;Como as agulhas de rutilo se orientam no coríndon, e o que produzem?;Cruzam-se a 60 e 120 graus, seguindo a simetria trigonal. Em cabochão bem orientado, produzem asterismo de seis raios.;gemologia::gemas-coradas::corindon;gemologia-m03-oa04;gemologia-m03-a04;medio;Aula 04 — Gübelin & Koivula, Photoatlas
gemologia-m03-fb047;Que duas feições internas excluem coríndon natural?;Zoneamento de cor curvo e bolhas gasosas esféricas — indicam material fundido, sintético de chama ou vidro.;gemologia::gemas-coradas::corindon;gemologia-m03-oa04;gemologia-m03-a04;medio;Aula 04 — GIA Gem Identification
gemologia-m03-fb048;Quando foi descoberto o depósito de rubi de Montepuez, e por que ele importa?;Em 2009, em Moçambique. Reordenou o mercado de rubi por volume e qualidade.;gemologia::gemas-coradas::corindon;gemologia-m03-oa04;gemologia-m03-a04;medio;Aula 04 — GIA Gems & Gemology (2015)
gemologia-m03-fb049;Por que o prêmio da safira da Caxemira é considerado histórico e de escassez?;Porque a produção principal do depósito ficou concentrada na década de 1880, e o material aveludado que ele deu virou a referência absoluta de safira azul.;gemologia::gemas-coradas::corindon;gemologia-m03-oa04;gemologia-m03-a04;medio;Aula 04 — GIA Gems & Gemology — Kashmir sapphire
gemologia-m03-fb050;Pigeon's blood e royal blue são graus de qualidade?;Não. São termos de comércio que descrevem cor, aplicados por alguns laboratórios sob critérios próprios, com fichas do LMHC para harmonizar o uso.;gemologia::gemas-coradas::corindon;gemologia-m03-oa04;gemologia-m03-a04;medio;Aula 04 — LMHC Information Sheets
gemologia-m03-fb051;Quais são as quatro categorias que o vocabulário de varejo mistura no caso do coríndon?;Natural não tratado, natural tratado, sintético e imitação ou compósito — cada uma com preço, detecção e divulgação próprios.;gemologia::gemas-coradas::corindon;gemologia-m03-oa05;gemologia-m03-a05;medio;Aula 05 — CIBJO Gemstone Blue Book
gemologia-m03-fb052;Em que faixa de temperatura o coríndon é aquecido, e o que se ganha?;De cerca de 800 a mais de 1.700 graus Celsius. Dissolve a seda, aumenta a transparência e libera titânio que alimenta o par Fe-Ti do azul.;gemologia::gemas-coradas::corindon;gemologia-m03-oa05;gemologia-m03-a05;dificil;"Aula 05 — GIA Sapphire Treatments; Nassau"
gemologia-m03-fb053;O que é geuda, e o que o aquecimento faz com ele?;Coríndon leitoso do Sri Lanka, sem valor comercial, que aquecido se converte em safira azul comercializável.;gemologia::gemas-coradas::corindon;gemologia-m03-oa05;gemologia-m03-a05;medio;Aula 05 — GIA Sapphire Description
gemologia-m03-fb054;Por que o aquecimento do coríndon desconta pouco, e o não aquecido carrega prêmio?;"Porque o aquecimento é considerado o padrão da espécie; material comprovadamente não aquecido é a exceção.";gemologia::gemas-coradas::corindon;gemologia-m03-oa05;gemologia-m03-a05;facil;"Aula 05 — GIA; LMHC"
gemologia-m03-fb055;Quais indícios de aquecimento a bancada consegue ver em coríndon?;Halos de disco em torno de cristais inclusos, seda alterada ou pontilhada, resíduo vítreo em cavidades que afloram e zoneamento de cor difuso.;gemologia::gemas-coradas::corindon;gemologia-m03-oa05;gemologia-m03-a05;dificil;Aula 05 — GIA Gems & Gemology
gemologia-m03-fb056;De onde vem a declaração de material não aquecido num laudo sério?;De espectroscopia, sobretudo do infravermelho, que detecta alterações em bandas de OH. Aquecimento moderno a baixa temperatura pode não deixar feição visível.;gemologia::gemas-coradas::corindon;gemologia-m03-oa05;gemologia-m03-a05;dificil;"Aula 05 — LMHC; GIA"
gemologia-m03-fb057;Como se detecta a difusão de titânio em safira, e por que ela é fácil?;Por imersão: a cor aparece concentrada nas junções de faceta e nas arestas, desenhando o contorno da lapidação, porque a camada é superficial.;gemologia::gemas-coradas::corindon;gemologia-m03-oa05;gemologia-m03-a05;medio;Aula 05 — GIA Gems & Gemology
gemologia-m03-fb058;Por que a difusão de berílio não se resolve na bancada?;Porque o berílio é um átomo pequeno e penetra profundamente, às vezes por toda a pedra. A detecção exige química de traços em nível de ppm, tipicamente LA-ICP-MS.;gemologia::gemas-coradas::corindon;gemologia-m03-oa05;gemologia-m03-a05;dificil;Aula 05 — GIA Gems & Gemology (2003)
gemologia-m03-fb059;Em que ano a difusão de berílio em safira foi identificada?;Em 2001–2002.;gemologia::gemas-coradas::corindon;gemologia-m03-oa05;gemologia-m03-a05;medio;Aula 05 — GIA Gems & Gemology (2003)
gemologia-m03-fb060;Por que o rubi preenchido com vidro de chumbo não é chamado de rubi tratado?;Porque o vidro representa parcela substancial do volume. CIBJO e GIA o classificam como compósito ou produto manufaturado — categoria própria, não qualificativo.;gemologia::gemas-coradas::corindon;gemologia-m03-oa05;gemologia-m03-a05;medio;"Aula 05 — CIBJO; GIA Gems & Gemology"
gemologia-m03-fb061;Que dois indícios de bancada denunciam o preenchimento com vidro de chumbo?;O efeito de flash, lampejo que muda de laranja para azul conforme o ângulo, e bolhas achatadas dentro das fraturas.;gemologia::gemas-coradas::corindon;gemologia-m03-oa05;gemologia-m03-a05;medio;Aula 05 — GIA Ruby Treatments
gemologia-m03-fb062;Que assinaturas o coríndon sintético crescido em fluxo deixa?;Resíduo de fluxo em véus semelhantes a fissuras cicatrizadas e plaquetas metálicas de platina do cadinho, estas sem equivalente natural.;gemologia::gemas-coradas::corindon;gemologia-m03-oa05;gemologia-m03-a05;dificil;"Aula 05 — Gübelin & Koivula; GIA"
gemologia-m03-fb063;Rubi criado e rubi cultivado designam material natural?;Não. Designam material sintético. Os descritores aceitos são sintético e crescido em laboratório, junto ao nome da gema e com igual destaque.;gemologia::gemas-coradas::corindon;gemologia-m03-oa05;gemologia-m03-a05;medio;"Aula 05 — CIBJO; FTC Jewelry Guides"
gemologia-m03-fb064;Qual a fórmula e o sistema cristalino do berilo?;Be3Al2Si6O18, ciclossilicato de anéis de seis tetraedros, sistema hexagonal.;gemologia::gemas-coradas::berilo;gemologia-m03-oa06;gemologia-m03-a06;medio;"Aula 06 — Mindat; IMA-CNMNC"
gemologia-m03-fb065;Que leitura de refratômetro e que densidade caracterizam o berilo natural?;IR 1,577–1,583, birrefringência 0,005–0,009, uniaxial negativo, densidade 2,67–2,90 e esmeralda em torno de 2,72.;gemologia::gemas-coradas::berilo;gemologia-m03-oa06;gemologia-m03-a06;medio;"Aula 06 — GIA Gem Encyclopedia; Gem-A"
gemologia-m03-fb066;O que são os canais do berilo e por que importam?;Os anéis de seis tetraedros empilham-se formando canais paralelos ao eixo, que alojam água, gases e íons alcalinos. Explicam boa parte do comportamento em tratamento e em espectroscopia.;gemologia::gemas-coradas::berilo;gemologia-m03-oa06;gemologia-m03-a06;dificil;"Aula 06 — Gem-A; GIA"
gemologia-m03-fb067;Relacione as variedades do berilo aos seus cromóforos.;Esmeralda por Cr3+ e/ou V3+, água-marinha por Fe2+, morganita por Mn2+, heliodoro por Fe3+, goshenita sem cromóforo e berilo vermelho por Mn3+.;gemologia::gemas-coradas::berilo;gemologia-m03-oa06;gemologia-m03-a06;dificil;Aula 06 — GIA Gem Encyclopedia
gemologia-m03-fb068;Por que o nome bixbita é desaconselhado para o berilo vermelho?;Por confundir-se com a espécie mineral bixbyita. A produção gemológica do berilo vermelho é praticamente restrita a Utah.;gemologia::gemas-coradas::berilo;gemologia-m03-oa06;gemologia-m03-a06;medio;"Aula 06 — CIBJO; IMA-CNMNC"
gemologia-m03-fb069;O que é o berilo maxixe, e qual o seu problema?;Berilo azul-escuro cuja cor vem de irradiação e desbota com a exposição à luz. É centro de cor instável, e a divulgação é obrigação de segurança.;gemologia::gemas-coradas::berilo;gemologia-m03-oa06;gemologia-m03-a06;medio;Aula 06 — Nassau, Gemstone Enhancement
gemologia-m03-fb070;Por que o corte esmeralda existe?;Porque cantos vivos lascam em material fissurado. O retângulo de cantos chanfrados nasceu de uma restrição física, não de estética.;gemologia::gemas-coradas::berilo;gemologia-m03-oa06;gemologia-m03-a06;medio;Aula 06 — Gem-A Gemmology Foundation
gemologia-m03-fb071;Que escala harmonizada os laboratórios usam para o preenchimento de esmeralda?;Grau de preenchimento em quatro níveis: nenhum, leve, moderado e significativo.;gemologia::gemas-coradas::berilo;gemologia-m03-oa06;gemologia-m03-a06;medio;Aula 06 — LMHC Information Sheet
gemologia-m03-fb072;Que cuidados uma esmeralda preenchida exige?;Não submeter a ultrassom, vapor nem calor. Ela pode precisar ser reoleada ao longo da vida, e isso é normal.;gemologia::gemas-coradas::berilo;gemologia-m03-oa06;gemologia-m03-a06;facil;"Aula 06 — GIA Gem Care; CIBJO"
gemologia-m03-fb073;Que leitura de índice de refração levanta forte suspeita de esmeralda sintética?;Abaixo de cerca de 1,57. A de fluxo fica em 1,560–1,565 e a hidrotermal em 1,568–1,573, contra 1,577–1,583 da natural.;gemologia::gemas-coradas::berilo;gemologia-m03-oa06;gemologia-m03-a06;dificil;"Aula 06 — GIA Gem Identification; Gem-A"
gemologia-m03-fb074;Por que a esmeralda sintética tem índice e densidade mais baixos que a natural?;Porque as rotas de síntese produzem berilo com menos elementos alcalinos e menos água nos canais.;gemologia::gemas-coradas::berilo;gemologia-m03-oa06;gemologia-m03-a06;dificil;Aula 06 — Gem-A Gemmology Foundation
gemologia-m03-fb075;Qual assinatura interna distingue a esmeralda hidrotermal da de fluxo?;A hidrotermal mostra placa de semente e crescimento em chevron. A de fluxo mostra véus de resíduo de fundente e plaquetas de platina.;gemologia::gemas-coradas::berilo;gemologia-m03-oa06;gemologia-m03-a06;medio;Aula 06 — Gübelin & Koivula, Photoatlas
gemologia-m03-fb076;Por que quase toda água-marinha é aquecida, e por que ninguém declara não aquecida?;O aquecimento converte Fe3+ em Fe2+ e remove o componente amarelo-esverdeado. É estável e indetectável, logo assumido como padrão da espécie.;gemologia::gemas-coradas::berilo;gemologia-m03-oa06;gemologia-m03-a06;medio;Aula 06 — GIA Aquamarine Description
gemologia-m03-fb077;Turmalina é uma espécie mineral?;Não. É um supergrupo de borossilicatos, reorganizado formalmente pela IMA em 2011, com dezenas de espécies aprovadas.;gemologia::gemas-coradas::turmalina;gemologia-m03-oa07;gemologia-m03-a07;facil;Aula 07 — Henry et al. (2011), Am. Min. 96
gemologia-m03-fb078;Qual espécie do supergrupo turmalina responde pela maior parte do material de gema?;A elbaíta (sódio, lítio e alumínio), em todas as cores, ao lado de dravita, schorlita, liddicoatita e uvita.;gemologia::gemas-coradas::turmalina;gemologia-m03-oa07;gemologia-m03-a07;medio;"Aula 07 — Mindat; IMA-CNMNC"
gemologia-m03-fb079;Que valor de birrefringência praticamente fecha a identificação da turmalina?;Cerca de 0,019 (faixa 0,018–0,020) — o dobro da do coríndon e o triplo da do berilo, o que produz duplicação de arestas à lupa.;gemologia::gemas-coradas::turmalina;gemologia-m03-oa07;gemologia-m03-a07;medio;"Aula 07 — GIA Gem Encyclopedia; Gem-A"
gemologia-m03-fb080;Qual a faixa de índice de refração e de densidade da turmalina?;IR 1,624–1,644 e densidade relativa 3,00–3,26, uniaxial negativa, dureza 7 a 7,5, sem clivagem e quebradiça.;gemologia::gemas-coradas::turmalina;gemologia-m03-oa07;gemologia-m03-a07;medio;"Aula 07 — Mindat; Gem-A"
gemologia-m03-fb081;Na turmalina, qual direção é tipicamente a mais escura?;A direção ao longo do eixo do cristal — o chamado fecho de cor, que governa o corte.;gemologia::gemas-coradas::turmalina;gemologia-m03-oa07;gemologia-m03-a07;medio;Aula 07 — GIA Tourmaline Description
gemologia-m03-fb082;Que escolha o lapidário faz ao orientar a mesa de uma turmalina?;"Mesa perpendicular ao eixo entrega cor viva ao custo de peso; mesa paralela preserva peso e produz pedra mais escura.";gemologia::gemas-coradas::turmalina;gemologia-m03-oa07;gemologia-m03-a07;medio;Aula 07 — Gem-A Gemmology Foundation
gemologia-m03-fb083;Que propriedades elétricas a turmalina exibe, e como isso aparece na prática?;É piroelétrica e piezoelétrica: aquecida ou friccionada, gera carga superficial e atrai pó — daí o nome holandês aschentrekker.;gemologia::gemas-coradas::turmalina;gemologia-m03-oa07;gemologia-m03-a07;medio;"Aula 07 — Klein & Dutrow; GIA"
gemologia-m03-fb084;Relacione rubelita, indicolita, verdelita e acroíta às suas cores.;Rubelita é rosa a vermelha, indicolita é azul, verdelita é verde e acroíta é incolor.;gemologia::gemas-coradas::turmalina;gemologia-m03-oa07;gemologia-m03-a07;facil;Aula 07 — GIA Gem Encyclopedia
gemologia-m03-fb085;Onde e quando apareceu a turmalina Paraíba, e a que se deve sua cor?;Em São José da Batalha, na Paraíba, no fim dos anos 1980, chegando ao mercado internacional por volta de 1990. A cor vem de cobre, com manganês, em elbaíta.;gemologia::gemas-coradas::turmalina;gemologia-m03-oa07;gemologia-m03-a07;medio;Aula 07 — GIA Gems & Gemology (Fall 2008)
gemologia-m03-fb086;O nome turmalina Paraíba indica procedência?;Não. O LMHC o harmonizou como nome de VARIEDADE, aplicável à elbaíta cuprífera azul a verde venha de onde vier.;gemologia::gemas-coradas::turmalina;gemologia-m03-oa07;gemologia-m03-a07;medio;Aula 07 — LMHC Information Sheet
gemologia-m03-fb087;O que é preciso confirmar para escrever turmalina Paraíba num laudo?;A presença de cobre, por análise química como EDXRF ou LA-ICP-MS. Cor não qualifica a variedade, e a bancada não mede cobre.;gemologia::gemas-coradas::turmalina;gemologia-m03-oa07;gemologia-m03-a07;dificil;"Aula 07 — LMHC; GIA"
gemologia-m03-fb088;Turmalina cuprífera não aquecida é o padrão do mercado?;Ao contrário: grande parte do material é aquecida, e o tratamento é em geral indetectável, o que faz da divulgação uma questão de confiança na cadeia.;gemologia::gemas-coradas::turmalina;gemologia-m03-oa07;gemologia-m03-a07;medio;Aula 07 — GIA Tourmaline Treatments
gemologia-m03-fb089;Qual é a fórmula geral das granadas, e em que sistema cristalizam?;X3Y2(SiO4)3, sempre no sistema cúbico, portanto isotrópicas e sem clivagem.;gemologia::gemas-coradas::granada;gemologia-m03-oa08;gemologia-m03-a08;medio;"Aula 08 — Grew et al. (2013); Mindat"
gemologia-m03-fb090;Que espécies formam a série piralspita, e o que elas têm em comum?;Piropo (Mg), almandina (Fe) e espessartita (Mn) — alumínio fixo no sítio Y, com cátions trocando em X.;gemologia::gemas-coradas::granada;gemologia-m03-oa08;gemologia-m03-a08;dificil;"Aula 08 — Deer, Howie & Zussman; Gem-A"
gemologia-m03-fb091;Quem são os três membros da ugrandita, e qual cátion fica fixo neles?;Uvarovita (Cr), grossulária (Al) e andradita (Fe3+) — cálcio fixo no sítio X, com cátions trocando em Y.;gemologia::gemas-coradas::granada;gemologia-m03-oa08;gemologia-m03-a08;dificil;"Aula 08 — Deer, Howie & Zussman; GIA"
gemologia-m03-fb092;Por que a substituição é ampla dentro de cada série da granada e limitada entre elas?;Porque o cálcio tem raio grande demais para caber confortavelmente onde cabe o magnésio.;gemologia::gemas-coradas::granada;gemologia-m03-oa08;gemologia-m03-a08;dificil;Aula 08 — Deer, Howie & Zussman
gemologia-m03-fb093;Que faixas de índice, densidade e dureza cobrem o grupo da granada?;IR de cerca de 1,71 a 1,89, densidade de cerca de 3,4 a 4,3 e dureza Mohs de cerca de 6,5 a 7,5.;gemologia::gemas-coradas::granada;gemologia-m03-oa08;gemologia-m03-a08;medio;"Aula 08 — GIA; Webster, Gems"
gemologia-m03-fb094;Índice de refração e densidade caminham juntos na granada. Com que elementos eles sobem?;Com o teor de ferro e de manganês. Por isso o par (IR, densidade) situa a pedra na série melhor que qualquer um dos dois sozinho.;gemologia::gemas-coradas::granada;gemologia-m03-oa08;gemologia-m03-a08;dificil;Aula 08 — Gem-A Gemmology Foundation
gemologia-m03-fb095;O que é birrefringência anômala, e em que granadas ela é frequente?;Reação irregular no polariscópio causada por tensão interna, comum em almandina e demantoide. Não torna a pedra anisotrópica.;gemologia::gemas-coradas::granada;gemologia-m03-oa08;gemologia-m03-a08;medio;"Aula 08 — Gem-A; GIA"
gemologia-m03-fb096;Que granadas ficam acima do teto de leitura do refratômetro de bancada?;Espessartita, perto de 1,81, e sobretudo demantoide, perto de 1,89.;gemologia::gemas-coradas::granada;gemologia-m03-oa08;gemologia-m03-a08;medio;"Aula 08 — GIA; Gem-A"
gemologia-m03-fb097;Rodolita e malaia designam espécies?;Não, designam misturas: rodolita é a intermediária piropo-almandina, vermelho-arroxeada, e malaia é a piropo-espessartita do vale do Umba, na Tanzânia.;gemologia::gemas-coradas::granada;gemologia-m03-oa08;gemologia-m03-a08;medio;"Aula 08 — GIA Garnet Description; Webster"
gemologia-m03-fb098;O que é tsavorita, e quem a lançou comercialmente?;Grossulária verde colorida por cromo e vanádio, da fronteira Quênia-Tanzânia, batizada e lançada pela Tiffany & Co. em 1974, com nome derivado do parque Tsavo.;gemologia::gemas-coradas::granada;gemologia-m03-oa08;gemologia-m03-a08;medio;Aula 08 — GIA Gems & Gemology
gemologia-m03-fb099;Qual é a dispersão do demantoide, e como ela se compara à do diamante?;Cerca de 0,057, acima dos cerca de 0,044 do diamante.;gemologia::gemas-coradas::granada;gemologia-m03-oa08;gemologia-m03-a08;medio;"Aula 08 — GIA Gem Encyclopedia; Webster"
gemologia-m03-fb100;O que é a inclusão rabo-de-cavalo, e o que sua ausência significa?;Um tufo radial de fibras curvas de crisotila, típico do demantoide dos Urais. O material da Namíbia e de Madagascar em geral não a tem, e a ausência só remove a pista de origem.;gemologia::gemas-coradas::granada;gemologia-m03-oa08;gemologia-m03-a08;dificil;Aula 08 — GIA Gems & Gemology
gemologia-m03-fb101;Por que YAG e GGG não devem ser chamados de granada sintética?;Porque são materiais de estrutura granada sem contraparte natural, criados nos anos 1960 e 1970 como simulantes de diamante — não são versão de laboratório de uma espécie natural.;gemologia::gemas-coradas::granada;gemologia-m03-oa08;gemologia-m03-a08;medio;"Aula 08 — Nassau, Gems Made by Man; GIA"
gemologia-m03-fb102;Qual é a composição do espinélio, e em que sistema ele cristaliza?;MgAl2O4, sistema cúbico, portanto isotrópico e sem pleocroísmo.;gemologia::gemas-coradas::espinelio-crisoberilo;gemologia-m03-oa09;gemologia-m03-a09;facil;"Aula 09 — Mindat; IMA-CNMNC"
gemologia-m03-fb103;Que valores de índice, densidade e dureza caracterizam o espinélio natural?;IR de 1,712 a 1,730 (tipicamente 1,718), densidade de 3,58 a 3,61 e dureza Mohs 8, sem clivagem.;gemologia::gemas-coradas::espinelio-crisoberilo;gemologia-m03-oa09;gemologia-m03-a09;medio;"Aula 09 — GIA Gem Encyclopedia; Gem-A"
gemologia-m03-fb104;Que duas pedras célebres das joias da Coroa britânica são espinélios, e não rubis?;O Rubi do Príncipe Negro e o Rubi de Timur.;gemologia::gemas-coradas::espinelio-crisoberilo;gemologia-m03-oa09;gemologia-m03-a09;facil;"Aula 09 — Royal Collection Trust; GIA"
gemologia-m03-fb105;A que se devem o vermelho e o azul mais valioso do espinélio?;"O vermelho e o rosa vêm do cromo; o azul comum vem do ferro, mas o azul de maior valor vem do cobalto, no espinélio cobaltífero de Luc Yen e do Sri Lanka.";gemologia::gemas-coradas::espinelio-crisoberilo;gemologia-m03-oa09;gemologia-m03-a09;medio;Aula 09 — GIA Gems & Gemology
gemologia-m03-fb106;Que duas pistas denunciam o espinélio sintético de fusão de chama?;"Índice de refração perto de 1,728, acima do típico natural, por excesso de alumina; e extinção em tabuleiro, birrefringência anômala em padrão quadriculado.";gemologia::gemas-coradas::espinelio-crisoberilo;gemologia-m03-oa09;gemologia-m03-a09;dificil;"Aula 09 — Nassau, Gems Made by Man; Gem-A"
gemologia-m03-fb107;Qual inclusão é a assinatura mais reconhecível do espinélio natural?;Cristais octaédricos de espinélio incluídos no próprio espinélio, às vezes alinhados em dedos ou nuvens.;gemologia::gemas-coradas::espinelio-crisoberilo;gemologia-m03-oa09;gemologia-m03-a09;medio;Aula 09 — Gübelin & Koivula, Photoatlas
gemologia-m03-fb108;Qual a composição e o sistema do crisoberilo, e qual sua dureza?;BeAl2O4, ortorrômbico, dureza Mohs 8,5 — o terceiro material de gema mais duro em uso comum.;gemologia::gemas-coradas::espinelio-crisoberilo;gemologia-m03-oa09;gemologia-m03-a09;medio;"Aula 09 — Mindat; GIA"
gemologia-m03-fb109;Que conjunto de propriedades ópticas identifica o crisoberilo?;IR de 1,746 a 1,755, birrefringência de 0,008 a 0,010, biaxial positivo e densidade de 3,71 a 3,73, com clivagem distinta em uma direção.;gemologia::gemas-coradas::espinelio-crisoberilo;gemologia-m03-oa09;gemologia-m03-a09;dificil;"Aula 09 — GIA Gem Encyclopedia; Mindat"
gemologia-m03-fb110;Que traço morfológico é quase diagnóstico do crisoberilo bruto?;Os geminados cíclicos de três indivíduos, que produzem contorno pseudo-hexagonal com estrias características.;gemologia::gemas-coradas::espinelio-crisoberilo;gemologia-m03-oa09;gemologia-m03-a09;medio;Aula 09 — Deer, Howie & Zussman
gemologia-m03-fb111;Por que a alexandrita parece verde de dia e vermelha à luz de vela?;Sua absorção deixa passar verde e vermelho, com um vale no meio. Qual dos dois domina depende do que a fonte de luz oferece — não é a pedra que muda.;gemologia::gemas-coradas::espinelio-crisoberilo;gemologia-m03-oa09;gemologia-m03-a09;medio;Aula 09 — GIA Alexandrite Description
gemologia-m03-fb112;Onde e quando a alexandrita foi encontrada, e de onde vem o nome?;Nos Urais, na década de 1830, em homenagem ao futuro czar Alexandre II. Depósitos posteriores incluem Hematita, em Minas Gerais, em 1987.;gemologia::gemas-coradas::espinelio-crisoberilo;gemologia-m03-oa09;gemologia-m03-a09;medio;"Aula 09 — GIA; Gems & Gemology"
gemologia-m03-fb113;Qual é o fator de valor decisivo numa alexandrita?;A completude da mudança de cor, e não o matiz ou o tom isoladamente.;gemologia::gemas-coradas::espinelio-crisoberilo;gemologia-m03-oa09;gemologia-m03-a09;medio;Aula 09 — GIA Alexandrite Quality Factors
gemologia-m03-fb114;No comércio, a que espécie o termo olho-de-gato sem qualificativo se refere?;Ao crisoberilo (cimófano). Qualquer outra espécie exige o nome, como quartzo olho-de-gato.;gemologia::gemas-coradas::espinelio-crisoberilo;gemologia-m03-oa09;gemologia-m03-a09;facil;"Aula 09 — CIBJO; GIA"
gemologia-m03-fb115;Qual a fórmula do topázio, e qual característica governa seu manuseio?;Al2SiO4(F,OH)2. A clivagem basal perfeita governa corte, engaste e limpeza, apesar da dureza 8.;gemologia::gemas-coradas::topazio-peridoto;gemologia-m03-oa10;gemologia-m03-a10;medio;"Aula 10 — Mindat; Deer, Howie & Zussman"
gemologia-m03-fb116;Que valores de índice e densidade situam o topázio?;IR de 1,609 a 1,643, birrefringência de 0,008 a 0,010, biaxial positivo e densidade de 3,49 a 3,57.;gemologia::gemas-coradas::topazio-peridoto;gemologia-m03-oa10;gemologia-m03-a10;medio;"Aula 10 — GIA Gem Encyclopedia; Mindat"
gemologia-m03-fb117;Como o teor de flúor e de hidroxila desloca as propriedades do topázio?;"Rico em flúor (azuis e incolores) dá índice mais baixo e densidade mais alta; rico em hidroxila (amarelos, laranjas e rosas) dá índice mais alto e densidade mais baixa.";gemologia::gemas-coradas::topazio-peridoto;gemologia-m03-oa10;gemologia-m03-a10;dificil;"Aula 10 — Webster, Gems; GIA"
gemologia-m03-fb118;O que é topázio imperial, e qual sua fonte clássica?;Topázio de matiz laranja a rosa-alaranjado, colorido por cromo, cuja fonte clássica é a região de Ouro Preto, em Minas Gerais.;gemologia::gemas-coradas::topazio-peridoto;gemologia-m03-oa10;gemologia-m03-a10;medio;"Aula 10 — GIA; CPRM/SGB, Gemas do Brasil"
gemologia-m03-fb119;Topázio fumê e topázio dourado são topázio?;Não. São quartzo, e as denominações são incorretas — o varejo empresta o nome de uma espécie cara para outra barata.;gemologia::gemas-coradas::topazio-peridoto;gemologia-m03-oa10;gemologia-m03-a10;facil;Aula 10 — CIBJO Gemstone Blue Book
gemologia-m03-fb120;Como é produzido praticamente todo o topázio azul de mercado?;Por irradiação seguida de aquecimento, a partir de material incolor. O tratamento é indetectável em bancada e em laboratório.;gemologia::gemas-coradas::topazio-peridoto;gemologia-m03-oa10;gemologia-m03-a10;medio;Aula 10 — GIA Topaz Treatments
gemologia-m03-fb121;Por que o topázio irradiado em reator fica em quarentena?;Porque pode reter radioatividade residual, e permanece armazenado até o decaimento a níveis aceitáveis, sob controle regulatório — nos EUA, licenciamento pela NRC.;gemologia::gemas-coradas::topazio-peridoto;gemologia-m03-oa10;gemologia-m03-a10;dificil;"Aula 10 — U.S. NRC; GIA"
gemologia-m03-fb122;O que é o topázio místico, e por que ele é instável?;Topázio incolor com filme fino aplicado na superfície. O revestimento se desgasta nas arestas e a cor é apenas superficial.;gemologia::gemas-coradas::topazio-peridoto;gemologia-m03-oa10;gemologia-m03-a10;medio;Aula 10 — GIA Gems & Gemology — coated topaz
gemologia-m03-fb123;O peridoto é variedade de qual espécie mineral?;Da olivina, solução sólida entre forsterita e faialita, de fórmula (Mg,Fe)2SiO4.;gemologia::gemas-coradas::topazio-peridoto;gemologia-m03-oa10;gemologia-m03-a10;facil;"Aula 10 — Mindat; IMA-CNMNC"
gemologia-m03-fb124;Qual é a birrefringência do peridoto, e que efeito ela produz à lupa?;Cerca de 0,036 (faixa 0,035–0,038), quase o dobro da turmalina. Produz duplicação nítida das arestas das facetas do pavilhão.;gemologia::gemas-coradas::topazio-peridoto;gemologia-m03-oa10;gemologia-m03-a10;medio;"Aula 10 — GIA Gem Encyclopedia; Gem-A"
gemologia-m03-fb125;Por que não existe peridoto azul ou incolor?;Porque ele é idiocromático: a cor vem do ferro divalente, constituinte essencial da fórmula. Ele só varia de verde-amarelado a amarelo-esverdeado.;gemologia::gemas-coradas::topazio-peridoto;gemologia-m03-oa10;gemologia-m03-a10;medio;"Aula 10 — GIA Peridot Description; Nassau"
gemologia-m03-fb126;O que é a inclusão vitória-régia, e em que espécie ela aparece?;Uma fratura discoide de tensão em torno de um cristal de cromita, típica do peridoto.;gemologia::gemas-coradas::topazio-peridoto;gemologia-m03-oa10;gemologia-m03-a10;medio;Aula 10 — Gübelin & Koivula, Photoatlas
gemologia-m03-fb127;A forsterita sintética azul é peridoto sintético?;Não. É dopada com cobalto, sai azul-violácea e é usada como simulante de tanzanita. Não há síntese comercial de peridoto verde.;gemologia::gemas-coradas::topazio-peridoto;gemologia-m03-oa10;gemologia-m03-a10;medio;"Aula 10 — Nassau, Gems Made by Man; GIA"
gemologia-m03-fb128;Que três medidas fecham a identificação do quartzo?;IR 1,544–1,553 com birrefringência 0,009, densidade 2,65 e caráter uniaxial positivo.;gemologia::gemas-coradas::quartzo;gemologia-m03-oa11;gemologia-m03-a11;medio;"Aula 11 — GIA Quartz Description; Gem-A"
gemologia-m03-fb129;O quartzo é uniaxial positivo ou negativo, e por que isso é útil?;Positivo — ao contrário do coríndon, do berilo e da turmalina, todos negativos. O sinal separa o quartzo das três espécies mais confundíveis com ele.;gemologia::gemas-coradas::quartzo;gemologia-m03-oa11;gemologia-m03-a11;dificil;Aula 11 — Gem-A Gemmology Foundation
gemologia-m03-fb130;Por que a figura de interferência do quartzo sai como olho-de-boi?;Por causa da geminação segundo a lei do Brasil: em vez da cruz limpa das demais uniaxiais, aparecem anéis concêntricos com o centro deslocado ou interrompido.;gemologia::gemas-coradas::quartzo;gemologia-m03-oa11;gemologia-m03-a11;dificil;"Aula 11 — Webster, Gems; Gem-A"
gemologia-m03-fb131;A que se deve a cor da ametista e do citrino?;A centros de cor associados a ferro, nos dois casos.;gemologia::gemas-coradas::quartzo;gemologia-m03-oa11;gemologia-m03-a11;medio;"Aula 11 — Nassau; Rossman"
gemologia-m03-fb132;A que se deve a cor do quartzo fumê, e como se chama o material quase preto?;A centros de cor associados a alumínio, produzidos por irradiação natural. O material quase preto chama-se morion.;gemologia::gemas-coradas::quartzo;gemologia-m03-oa11;gemologia-m03-a11;medio;"Aula 11 — Nassau; GIA"
gemologia-m03-fb133;De onde vem a maior parte do citrino de mercado?;De ametista aquecida em faixa de algumas centenas de graus, que converte o violeta em amarelo a laranja-avermelhado. Citrino natural existe, mas é incomum.;gemologia::gemas-coradas::quartzo;gemologia-m03-oa11;gemologia-m03-a11;medio;Aula 11 — GIA Quartz Treatments
gemologia-m03-fb134;O que causa a cor do quartzo rosa maciço, e com que ressalva?;Nanoinclusões fibrosas cujo melhor equivalente por difração de raios X é a dumortierita — embora FTIR e Raman não coincidam exatamente com os padrões da espécie.;gemologia::gemas-coradas::quartzo;gemologia-m03-oa11;gemologia-m03-a11;dificil;Aula 11 — Goreva, Ma & Rossman (2001), Am. Min. 86
gemologia-m03-fb135;O quartzo rosa transparente cristalizado tem a mesma causa de cor do rosa maciço?;Não. Ele é muito mais raro e sua causa está ligada a centros com alumínio e fósforo, não a nanoinclusões fibrosas.;gemologia::gemas-coradas::quartzo;gemologia-m03-oa11;gemologia-m03-a11;dificil;Aula 11 — GIA Quartz Description
gemologia-m03-fb136;Existe ametista verde?;Não. O quartzo verde de mercado é prasiolita, obtida quase sempre por tratamento de ametista (material clássico de Montezuma, MG) ou por irradiação.;gemologia::gemas-coradas::quartzo;gemologia-m03-oa11;gemologia-m03-a11;medio;"Aula 11 — GIA Gems & Gemology; CIBJO"
gemologia-m03-fb137;Qual é a fonte comercial praticamente única do ametrino?;A mina Anahí, na Bolívia.;gemologia::gemas-coradas::quartzo;gemologia-m03-oa11;gemologia-m03-a11;facil;Aula 11 — GIA Gems & Gemology
gemologia-m03-fb138;Que indício favorece ametista natural contra sintética, e qual é seu limite?;A geminação lei do Brasil, observável em imersão entre polarizadores cruzados: comum na natural e frequentemente ausente na sintética. A ausência sugere, não prova.;gemologia::gemas-coradas::quartzo;gemologia-m03-oa11;gemologia-m03-a11;dificil;"Aula 11 — GIA Gems & Gemology; Gem-A"
gemologia-m03-fb139;Que postura o gemólogo adota diante da cor de um quartzo corado?;Presumir tratamento e declará-lo, salvo evidência ou documentação em contrário — o inverso da postura tomada com granada e espinélio.;gemologia::gemas-coradas::quartzo;gemologia-m03-oa11;gemologia-m03-a11;medio;Aula 11 — CIBJO Gemstone Blue Book
gemologia-m03-fb140;Qual a diferença de textura entre calcedônia e jaspe?;"Calcedônia é quartzo microcristalino fibroso e translúcido; jaspe é granular e opaco, com muitas impurezas. Ambos são quartzo.";gemologia::gemas-coradas::calcedonia;gemologia-m03-oa12;gemologia-m03-a12;facil;"Aula 12 — GIA Chalcedony Description; Mindat"
gemologia-m03-fb141;Por que a densidade do quartzo microcristalino é menor que 2,65?;Porque entre as fibras há espaço vazio e água. A faixa fica em cerca de 2,57 a 2,64.;gemologia::gemas-coradas::calcedonia;gemologia-m03-oa12;gemologia-m03-a12;medio;"Aula 12 — Gem-A; Webster, Gems"
gemologia-m03-fb142;Como o quartzo microcristalino se comporta no polariscópio e no refratômetro?;Mostra reação de agregado, clara em toda a rotação, e dá leitura de ponto próxima de 1,53 a 1,54.;gemologia::gemas-coradas::calcedonia;gemologia-m03-oa12;gemologia-m03-a12;medio;Aula 12 — Gem-A Gemmology Foundation
gemologia-m03-fb143;O que distingue ágata de ônix?;"Ágata tem bandas curvas concêntricas; ônix tem bandas retas e paralelas — e no comércio o nome designa o material preto.";gemologia::gemas-coradas::calcedonia;gemologia-m03-oa12;gemologia-m03-a12;facil;Aula 12 — GIA Chalcedony Description
gemologia-m03-fb144;Que cromóforos dão a cor da cornalina e do crisoprásio?;"Ferro na cornalina, laranja a vermelha; níquel no crisoprásio, verde-maçã.";gemologia::gemas-coradas::calcedonia;gemologia-m03-oa12;gemologia-m03-a12;medio;"Aula 12 — GIA; Mindat"
gemologia-m03-fb145;A ágata musgo contém musgo ou fóssil?;Nenhum dos dois. As ramificações são dendritos de óxidos de manganês e ferro, formados por precipitação química.;gemologia::gemas-coradas::calcedonia;gemologia-m03-oa12;gemologia-m03-a12;medio;"Aula 12 — Mindat; GIA"
gemologia-m03-fb146;A aventurina é calcedônia?;Não. É uma rocha — quartzito — cujo brilho vem do reflexo em inclusões planas de mica verde (fucsita) ou de óxidos de ferro.;gemologia::gemas-coradas::calcedonia;gemologia-m03-oa12;gemologia-m03-a12;medio;"Aula 12 — GIA; Mindat"
gemologia-m03-fb147;Qual é o debate aberto sobre a origem do olho-de-tigre?;Se é pseudomorfose de sílica sobre crocidolita, o modelo clássico, ou crescimento simultâneo de quartzo e crocidolita em fraturas que abrem e selam, proposto por Heaney & Fisher (2003).;gemologia::gemas-coradas::calcedonia;gemologia-m03-oa12;gemologia-m03-a12;dificil;Aula 12 — Heaney & Fisher, Geology 31 (2003)
gemologia-m03-fb148;Como se produz o ônix preto de mercado?;Pelo processo açúcar-e-ácido: a pedra absorve solução açucarada e o ácido sulfúrico carboniza o açúcar dentro dos poros. Ônix naturalmente preto é raríssimo.;gemologia::gemas-coradas::calcedonia;gemologia-m03-oa12;gemologia-m03-a12;medio;Aula 12 — GIA Chalcedony Treatments
gemologia-m03-fb149;Onde e quando o tingimento de ágata foi industrializado?;Em Idar-Oberstein, na Alemanha, a partir do início do século XIX.;gemologia::gemas-coradas::calcedonia;gemologia-m03-oa12;gemologia-m03-a12;medio;Aula 12 — Webster, Gems
gemologia-m03-fb150;Como o filtro Chelsea ajuda a separar crisoprásio de calcedônia tingida de verde?;O crisoprásio é colorido por níquel e não avermelha. A calcedônia tingida com sais de cromo costuma aparecer avermelhada. É triagem: indica cromóforo, não identidade.;gemologia::gemas-coradas::calcedonia;gemologia-m03-oa12;gemologia-m03-a12;dificil;Aula 12 — Gem-A Gemmology Foundation
gemologia-m03-fb151;Que nomes comerciais devem ser recusados para calcedônia e jaspe tingidos?;"Jade australiano e jade sueco, para calcedônia tingida de verde; lápis suíço e lápis alemão, para jaspe tingido de azul.";gemologia::gemas-coradas::calcedonia;gemologia-m03-oa12;gemologia-m03-a12;medio;Aula 12 — CIBJO Gemstone Blue Book
gemologia-m03-fb152;Zircão e zircônia cúbica são o mesmo material?;"Não. Zircão é o mineral natural ZrSiO4; zircônia cúbica é ZrO2 estabilizada, material sintético difundido a partir dos anos 1970 como simulante de diamante.";gemologia::gemas-coradas::zircao-tanzanita;gemologia-m03-oa13;gemologia-m03-a13;facil;"Aula 13 — IMA-CNMNC; Nassau"
gemologia-m03-fb153;O que é metamictização, e o que ela faz com o zircão?;A degradação da estrutura pelo decaimento radioativo do urânio e do tório incorporados. Quanto mais dano, mais baixos o IR, a densidade e a birrefringência.;gemologia::gemas-coradas::zircao-tanzanita;gemologia-m03-oa13;gemologia-m03-a13;medio;"Aula 13 — Gem-A; Webster, Gems"
gemologia-m03-fb154;Que valores caracterizam o zircão alto?;IR de 1,92 a 1,98, birrefringência até cerca de 0,059, densidade de 4,6 a 4,73 e dispersão de cerca de 0,039.;gemologia::gemas-coradas::zircao-tanzanita;gemologia-m03-oa13;gemologia-m03-a13;dificil;"Aula 13 — GIA Gem Encyclopedia; Webster"
gemologia-m03-fb155;Que valores caracterizam o zircão baixo, ou metamíctico?;IR de cerca de 1,78 a 1,82, birrefringência próxima de zero e densidade de cerca de 3,9 a 4,1.;gemologia::gemas-coradas::zircao-tanzanita;gemologia-m03-oa13;gemologia-m03-a13;dificil;"Aula 13 — GIA; Gem-A"
gemologia-m03-fb156;Que dois sinais de bancada, além dos números, apontam zircão?;O desgaste característico das arestas de faceta, porque o material é quebradiço, e as linhas finas de urânio no espectroscópio, entre elas uma marcante perto de 653,5 nm.;gemologia::gemas-coradas::zircao-tanzanita;gemologia-m03-oa13;gemologia-m03-a13;dificil;"Aula 13 — Gem-A; Webster, Gems"
gemologia-m03-fb157;De onde vem o zircão azul do mercado, e qual seu risco?;É material marrom do Sudeste Asiático aquecido. A cor pode ser instável e reverter parcialmente na direção do marrom sob luz e ultravioleta prolongados.;gemologia::gemas-coradas::zircao-tanzanita;gemologia-m03-oa13;gemologia-m03-a13;medio;Aula 13 — GIA Zircon Treatments
gemologia-m03-fb158;Tanzanita é variedade de qual espécie mineral?;Da zoisita. É a variedade azul-violácea.;gemologia::gemas-coradas::zircao-tanzanita;gemologia-m03-oa13;gemologia-m03-a13;facil;"Aula 13 — Mindat; GIA"
gemologia-m03-fb159;Onde e quando a tanzanita foi encontrada, e quem a batizou?;Nas colinas de Merelani, na Tanzânia, em 1967, batizada pela Tiffany & Co. em 1968. Merelani segue sendo a única fonte comercial conhecida.;gemologia::gemas-coradas::zircao-tanzanita;gemologia-m03-oa13;gemologia-m03-a13;medio;Aula 13 — GIA Tanzanite Description
gemologia-m03-fb160;Que propriedades ópticas e de durabilidade definem a tanzanita?;IR de 1,691 a 1,700, birrefringência de 0,008 a 0,013, biaxial positiva, densidade cerca de 3,35, dureza 6 a 7, clivagem perfeita em uma direção e tricroísmo forte.;gemologia::gemas-coradas::zircao-tanzanita;gemologia-m03-oa13;gemologia-m03-a13;dificil;"Aula 13 — GIA Gem Encyclopedia; Mindat"
gemologia-m03-fb161;O que o aquecimento remove da tanzanita?;O componente pleocroico amarelo-acastanhado a esverdeado, deixando o azul e o violeta. Praticamente toda tanzanita é aquecida, e o tratamento não é detectável com segurança.;gemologia::gemas-coradas::zircao-tanzanita;gemologia-m03-oa13;gemologia-m03-a13;medio;Aula 13 — GIA Tanzanite Treatments
gemologia-m03-fb162;Quais são as duas variedades gemológicas do espodumênio e seus cromóforos?;Kunzita, rosa a violeta por manganês, e hiddenita, verde por cromo.;gemologia::gemas-coradas::espodumenio-iolita;gemologia-m03-oa17;gemologia-m03-a14;facil;"Aula 14 — GIA; Mindat"
gemologia-m03-fb163;Quais são as duas fragilidades graves do espodumênio?;Clivagem perfeita em duas direções, que o torna dificílimo de lapidar e engastar, e o desbotamento da kunzita sob luz prolongada.;gemologia::gemas-coradas::espodumenio-iolita;gemologia-m03-oa17;gemologia-m03-a14;medio;Aula 14 — GIA Kunzite Description
gemologia-m03-fb164;Iolita é o nome de gema de qual espécie, e o que a distingue do quartzo?;Da cordierita. IR, birrefringência e densidade se sobrepõem aos do quartzo, mas ela é biaxial NEGATIVA (o quartzo é uniaxial positivo) e tem tricroísmo extremo.;gemologia::gemas-coradas::espodumenio-iolita;gemologia-m03-oa17;gemologia-m03-a14;dificil;"Aula 14 — GIA Iolite Description; Gem-A"
gemologia-m03-fb165;A iolita é a solarsteinn das sagas nórdicas?;Não há sustentação documental: as fontes mencionam a pedra sem identificar o mineral, e propostas modernas incluem a calcita da Islândia. O nome safira-d água também deve ser abandonado.;gemologia::gemas-coradas::espodumenio-iolita;gemologia-m03-oa17;gemologia-m03-a14;medio;"Aula 14 — literatura sobre a solarsteinn; CIBJO"
gemologia-m03-fb166;Que três eixos independentes descrevem um tratamento?;Mecanismo (o que foi feito ao material), estabilidade (se o efeito permanece) e detectabilidade (se o exame reconhece).;gemologia::gemas-coradas::tratamentos;gemologia-m03-oa14;gemologia-m03-a15;medio;"Aula 15 — CIBJO; GIA Gem Treatments"
gemologia-m03-fb167;Por que não se pode ordenar tratamentos numa única escala de gravidade?;Porque os três eixos se cruzam: há tratamento estável e indetectável, estável e detectável, instável e detectável, e instável e difícil. Nenhuma combinação é redutível às outras.;gemologia::gemas-coradas::tratamentos;gemologia-m03-oa14;gemologia-m03-a15;dificil;"Aula 15 — GIA; Gem-A"
gemologia-m03-fb168;Quais são os oito mecanismos de tratamento de gema corada?;Aquecimento, irradiação, difusão reticular, preenchimento, tingimento, impregnação, revestimento e branqueamento.;gemologia::gemas-coradas::tratamentos;gemologia-m03-oa14;gemologia-m03-a15;dificil;Aula 15 — CIBJO Gemstone Blue Book
gemologia-m03-fb169;Que correlação geral liga profundidade do tratamento à sua detectabilidade?;Quanto mais o tratamento entra na estrutura, mais estável e mais difícil de detectar. Quanto mais fica na superfície ou nos poros, mais frágil e mais fácil de ver.;gemologia::gemas-coradas::tratamentos;gemologia-m03-oa14;gemologia-m03-a15;medio;Aula 15 — GIA Gem Treatments
gemologia-m03-fb170;Qual é o enunciado da regra de divulgação?;Todo tratamento deve ser declarado, em toda etapa da cadeia, ao comprador seguinte.;gemologia::gemas-coradas::tratamentos;gemologia-m03-oa14;gemologia-m03-a15;facil;"Aula 15 — CIBJO; FTC Jewelry Guides"
gemologia-m03-fb171;O fato de um tratamento ser rotineiro dispensa a declaração?;Não. Rotina explica o preço, não apaga o fato — o aquecimento de safira é praticamente universal e ainda assim deve ser dito.;gemologia::gemas-coradas::tratamentos;gemologia-m03-oa14;gemologia-m03-a15;facil;Aula 15 — CIBJO Gemstone Blue Book
gemologia-m03-fb172;O fato de um tratamento ser indetectável dispensa a declaração?;Não. A irradiação do topázio azul não deixa rastro examinável e continua sendo tratamento. Quem sabe, declara.;gemologia::gemas-coradas::tratamentos;gemologia-m03-oa14;gemologia-m03-a15;medio;"Aula 15 — CIBJO; LMHC"
gemologia-m03-fb173;Diante de tratamento indetectável, o que a formulação correta descreve?;A prática da variedade, e não a história da pedra — por exemplo, a cor azul do topázio é rotineiramente obtida por irradiação e aquecimento, tratamento não detectável.;gemologia::gemas-coradas::tratamentos;gemologia-m03-oa14;gemologia-m03-a15;dificil;Aula 15 — LMHC Information Sheets
gemologia-m03-fb174;Quais são as quatro formulações de laudo sobre tratamento?;Nenhum indício observado · tratamento X detectado · o tratamento X é prática padrão da variedade · o tratamento X, se presente, não seria detectável por este exame.;gemologia::gemas-coradas::tratamentos;gemologia-m03-oa14;gemologia-m03-a15;dificil;"Aula 15 — LMHC; GIA; CIBJO"
gemologia-m03-fb175;Quais são as três camadas do arcabouço normativo de terminologia e divulgação?;Os Blue Books da CIBJO, as orientações de defesa do consumidor como os Jewelry Guides da FTC, e as fichas de harmonização do LMHC.;gemologia::gemas-coradas::tratamentos;gemologia-m03-oa14;gemologia-m03-a15;medio;"Aula 15 — CIBJO; FTC; LMHC"
gemologia-m03-fb176;Quando a informação de cuidado passa a integrar a divulgação?;Sempre que o tratamento alterar o modo de limpar, consertar ou usar a joia. Não é cortesia extra, é parte da declaração.;gemologia::gemas-coradas::tratamentos;gemologia-m03-oa14;gemologia-m03-a15;medio;Aula 15 — CIBJO Gemstone Blue Book
gemologia-m03-fb177;Qual a diferença entre sintético e simulante?;O sintético tem a mesma composição e estrutura da gema natural. O simulante é material diferente que apenas se parece com ela.;gemologia::gemas-coradas::sinteses;gemologia-m03-oa15;gemologia-m03-a16;facil;"Aula 16 — CIBJO; FTC Jewelry Guides"
gemologia-m03-fb178;Quais são as duas famílias de rota de síntese, e o que as define?;Rotas de fusão, em que o material é derretido e recristaliza, e rotas de solução, em que ele é dissolvido em sal fundido ou água quente sob pressão e cristaliza sobre uma semente.;gemologia::gemas-coradas::sinteses;gemologia-m03-oa15;gemologia-m03-a16;medio;Aula 16 — Nassau, Gems Made by Man
gemologia-m03-fb179;Qual é a regra que relaciona velocidade da rota e clareza da assinatura?;"Rota rápida, assinatura óbvia; rota lenta, assinatura sutil. No comércio, o material de rota lenta é o que de fato engana.";gemologia::gemas-coradas::sinteses;gemologia-m03-oa15;gemologia-m03-a16;medio;"Aula 16 — GIA; Gem-A"
gemologia-m03-fb180;Quem desenvolveu a fusão de chama, e desde quando o rubi sintético está no comércio?;Auguste Verneuil, com o rubi sintético entrando no comércio a partir de 1902. O processo produz uma massa cilíndrica chamada bola.;gemologia::gemas-coradas::sinteses;gemologia-m03-oa15;gemologia-m03-a16;medio;Aula 16 — Nassau, Gems Made by Man
gemologia-m03-fb181;Por que uma estria de crescimento curva é evidência tão forte?;Porque cristal natural cresce por faces planas e produz linhas retas e angulosas. A curvatura acompanha a frente arredondada da bola de fusão de chama.;gemologia::gemas-coradas::sinteses;gemologia-m03-oa15;gemologia-m03-a16;dificil;"Aula 16 — Gübelin & Koivula; Gem-A"
gemologia-m03-fb182;Que processo colocou a zircônia cúbica no mercado em volume, e quando?;A fusão em cadinho frio, em que a camada externa sólida serve de recipiente, a partir dos anos 1970.;gemologia::gemas-coradas::sinteses;gemologia-m03-oa15;gemologia-m03-a16;medio;Aula 16 — Nassau, Gems Made by Man
gemologia-m03-fb183;Que materiais o puxamento Czochralski produz?;Coríndon, YAG, GGG, alexandrita e forsterita sintéticos, em geral muito limpos, às vezes com estrias curvas discretas.;gemologia::gemas-coradas::sinteses;gemologia-m03-oa15;gemologia-m03-a16;medio;"Aula 16 — Nassau; GIA"
gemologia-m03-fb184;Quais inclusões denunciam crescimento por fluxo?;Resíduo de fundente em véus e filetes esbranquiçados, que lembram impressão digital, e placas de platina desprendidas do cadinho, quase conclusivas quando aparecem.;gemologia::gemas-coradas::sinteses;gemologia-m03-oa15;gemologia-m03-a16;medio;Aula 16 — Gübelin & Koivula, Photoatlas
gemologia-m03-fb185;Quais feições denunciam crescimento hidrotermal?;Crescimento em espinha (chevron) no berilo, plano de semente visível e inclusões bifásicas ou em forma de prego.;gemologia::gemas-coradas::sinteses;gemologia-m03-oa15;gemologia-m03-a16;medio;"Aula 16 — Gübelin & Koivula; GIA"
gemologia-m03-fb186;Quais são os quatro passos do procedimento de triagem de material sintético?;Medir IR e densidade, observar em imersão procurando curvatura, procurar a inclusão característica e, se nada aparecer, encaminhar ao laboratório.;gemologia::gemas-coradas::sinteses;gemologia-m03-oa15;gemologia-m03-a16;dificil;"Aula 16 — GIA; Gem-A"
gemologia-m03-fb187;A ausência de assinatura de síntese prova origem natural?;Não. A gemologia identifica material sintético pela presença de indícios, e material moderno de rota lenta pode ser limpo demais para a bancada.;gemologia::gemas-coradas::sinteses;gemologia-m03-oa15;gemologia-m03-a16;medio;"Aula 16 — GIA; Gem-A"
gemologia-m03-fb188;Quais qualificativos são aceitos para gema crescida em laboratório, e como devem aparecer?;Sintético, crescido em laboratório e criado em laboratório, imediatamente junto ao nome da gema e com igual destaque.;gemologia::gemas-coradas::sinteses;gemologia-m03-oa15;gemologia-m03-a16;medio;"Aula 16 — CIBJO; FTC Jewelry Guides"
gemologia-m03-fb189;Por que o vidro consegue imitar qualquer gema?;Porque é sólido amorfo, sem estrutura cristalina, e pode ser feito em qualquer cor e com índice ajustável.;gemologia::gemas-coradas::imitacoes;gemologia-m03-oa16;gemologia-m03-a17;facil;"Aula 17 — Gem-A; Webster, Gems"
gemologia-m03-fb190;Que faixas de propriedades cobrem o vidro de gema?;IR de cerca de 1,44 a 1,77 (comumente 1,5 a 1,6), densidade de 2,3 a 4,5, dureza 5 a 6 e baixa condutividade térmica, o que o faz parecer morno.;gemologia::gemas-coradas::imitacoes;gemologia-m03-oa16;gemologia-m03-a17;medio;"Aula 17 — GIA Gem Encyclopedia; Gem-A"
gemologia-m03-fb191;Quais são as quatro assinaturas visuais do vidro?;Bolhas de gás esféricas, marcas de fluxo em redemoinho, arestas de faceta arredondadas por desgaste e marcas de molde.;gemologia::gemas-coradas::imitacoes;gemologia-m03-oa16;gemologia-m03-a17;medio;"Aula 17 — Gübelin & Koivula; Gem-A"
gemologia-m03-fb192;Como se distingue marca de fluxo do vidro de estria curva de fusão de chama?;A marca de fluxo é caótica, em redemoinho. A estria curva é regular e concêntrica.;gemologia::gemas-coradas::imitacoes;gemologia-m03-oa16;gemologia-m03-a17;dificil;Aula 17 — Gübelin & Koivula, Photoatlas
gemologia-m03-fb193;O que é estrasse, e o que é a aventurina de vidro?;Estrasse é vidro com chumbo, de alto brilho e alta densidade, do século XVIII. A aventurina de vidro contém cristais de cobre precipitados e foi produzida em Veneza.;gemologia::gemas-coradas::imitacoes;gemologia-m03-oa16;gemologia-m03-a17;medio;Aula 17 — Webster, Gems
gemologia-m03-fb194;Qual medida resolve quase todos os casos de plástico?;A densidade: de cerca de 1,05 a 1,55, abaixo de qualquer gema mineral. Dureza 1,5 a 3, toque morno e marcas de molde completam o quadro.;gemologia::gemas-coradas::imitacoes;gemologia-m03-oa16;gemologia-m03-a17;medio;"Aula 17 — Gem-A; Webster, Gems"
gemologia-m03-fb195;Qual a diferença entre duplete e triplete?;"Duplete é a pedra montada em duas partes; triplete, em três.";gemologia::gemas-coradas::imitacoes;gemologia-m03-oa16;gemologia-m03-a17;facil;Aula 17 — CIBJO Gemstone Blue Book
gemologia-m03-fb196;No duplete de granada, para que serve a fatia de almandina?;Para dar dureza, brilho e uma superfície que se comporta como gema no refratômetro. Ela é fina demais para mudar a cor, que vem do vidro de baixo.;gemologia::gemas-coradas::imitacoes;gemologia-m03-oa16;gemologia-m03-a17;dificil;"Aula 17 — Webster, Gems; GIA"
gemologia-m03-fb197;Qual é o primeiro lugar a examinar numa suspeita de pedra montada?;A cintura, à lupa: a junção aparece como linha fina, degrau ou contorno de bolhas achatadas alinhadas.;gemologia::gemas-coradas::imitacoes;gemologia-m03-oa16;gemologia-m03-a17;medio;Aula 17 — Gem-A Gemmology Foundation
gemologia-m03-fb198;Por que o refratômetro é a ferramenta que mais falha em pedra montada?;Porque ele lê apenas a superfície de contato, ou seja, a parte de cima — uma leitura de granada numa pedra verde é exatamente o que um duplete produz.;gemologia::gemas-coradas::imitacoes;gemologia-m03-oa16;gemologia-m03-a17;dificil;"Aula 17 — Gem-A; GIA"
gemologia-m03-fb199;O que uma folha refletora faz, e o que ela obriga a declarar?;Intensifica cor e brilho por trás da pedra em engaste fechado, impede a observação por trás e pode ocultar pedra pálida ou montada. Obriga a declarar o exame como limitado pela montagem.;gemologia::gemas-coradas::imitacoes;gemologia-m03-oa16;gemologia-m03-a17;medio;"Aula 17 — Gem-A; GIA"
gemologia-m03-fb200;O que é material reconstituído, e como se reconhece?;Fragmentos genuínos moídos e aglomerados com ligante — âmbar prensado, turquesa e coral reconstituídos. À lupa aparecem contorno de grãos, bolhas e ligante entre partículas.;gemologia::gemas-coradas::imitacoes;gemologia-m03-oa16;gemologia-m03-a17;medio;"Aula 17 — CIBJO; Webster, Gems"
gemologia-m03-fb266;O caráter óptico e os índices do espodumênio.;"Biaxial positivo; IR ~1,660–1,681, birrefringência ~0,014–0,016, DR ~3,15–3,21, dureza ~6,5–7.";gemologia::gemas-coradas::espodumenio-iolita;gemologia-m03-oa17;gemologia-m03-a14;medio;"Aula 14 — GIA; Mindat"
gemologia-m03-fb267;"Por que o espodumênio se perde na oficina apesar de dureza 6,5–7?";"Porque tem clivagem perfeita em DUAS direções, mais partição; dureza não protege contra clivagem. É dos materiais mais difíceis de lapidar e engastar.";gemologia::gemas-coradas::espodumenio-iolita;gemologia-m03-oa17;gemologia-m03-a14;medio;Aula 14 — GIA Kunzite Description
gemologia-m03-fb268;"Por que a kunzita é apelidada de ""pedra da noite""?";Porque perde cor sob exposição prolongada à luz. A orientação de venda é guardar no escuro e usar à noite.;gemologia::gemas-coradas::espodumenio-iolita;gemologia-m03-oa17;gemologia-m03-a14;facil;Aula 14 — GIA Kunzite Care and Cleaning
gemologia-m03-fb269;O que se sabe sobre a cor irradiada do espodumênio?;"A irradiação é usada para intensificar ou produzir cor, e a cor assim obtida costuma ser AINDA menos estável que a natural.";gemologia::gemas-coradas::espodumenio-iolita;gemologia-m03-oa17;gemologia-m03-a14;medio;Aula 14 — GIA Gems & Gemology
gemologia-m03-fb270;Quando a kunzita foi descrita e de quem vem o nome?;"Descrita em 1902; nomeada em homenagem a George Frederick Kunz, gemólogo da Tiffany & Co.";gemologia::gemas-coradas::espodumenio-iolita;gemologia-m03-oa17;gemologia-m03-a14;facil;"Aula 14 — GIA; Mindat"
gemologia-m03-fb271;Quais três propriedades da iolita NÃO a separam do quartzo?;"Índice de refração (~1,542–1,551), birrefringência (~0,008–0,012) e densidade relativa (~2,57–2,66): todas se sobrepõem às do quartzo.";gemologia::gemas-coradas::espodumenio-iolita;gemologia-m03-oa17;gemologia-m03-a14;medio;Aula 14 — GIA Iolite Description
gemologia-m03-fb272;O que separa a iolita do quartzo na bancada?;"O caráter óptico e o pleocroísmo: a iolita é biaxial negativa e tem tricroísmo extremo; o quartzo é uniaxial positivo e tem pleocroísmo fraco.";gemologia::gemas-coradas::espodumenio-iolita;gemologia-m03-oa17;gemologia-m03-a14;dificil;"Aula 14 — GIA Iolite Description; Gem-A"
gemologia-m03-fb273;"Quais são as três cores do tricroísmo da iolita, e qual a consequência para a lapidação?";"Azul-violeta intenso, azul-claro acinzentado e amarelo-pálido quase incolor. O lapidário tem de orientar a mesa para a direção azul, ou a pedra sai sem cor.";gemologia::gemas-coradas::espodumenio-iolita;gemologia-m03-oa17;gemologia-m03-a14;medio;"Aula 14 — GIA; Gem-A"
gemologia-m03-fb274;"No exemplo trabalhado, que duas medidas além do IR foram necessárias para fechar ""iolita"" contra tanzanita e quartzo?";"O caráter óptico (biaxial negativo — separa das outras duas) e a densidade (~2,61, contra ~3,35 da tanzanita). O IR sozinho não separava do quartzo; o pleocroísmo sozinho não separava da tanzanita.";gemologia::gemas-coradas::espodumenio-iolita;gemologia-m03-oa17;gemologia-m03-a14;dificil;Aula 14 — exemplo trabalhado
gemologia-m03-fb275;O que define uma gema de colecionador?;"Especie que se identifica, se lapida e se admira, mas que o comercio de vitrine quase nao vende - falha em dureza suficiente, ausencia de clivagem facil, cor estavel ou oferta regular.";gemologia::gemas-coradas::colecionador;gemologia-m03-oa18;gemologia-m03-a18;facil;Aula 18
gemologia-m03-fb276;Qual gema natural tem dispersao maior que a do diamante?;"O esfeno (titanita): dispersao ~0,051, contra ~0,044 do diamante - mas dureza de so 5-5,5.";gemologia::gemas-coradas::colecionador;gemologia-m03-oa18;gemologia-m03-a18;medio;"Aula 18 - GIA; Webster"
gemologia-m03-fb277;Como se identifica o esfeno quase a primeira vista?;"Fogo intenso + duplicacao de arestas grosseira a lupa + leitura acima do limite do refratometro (IR ~1,84-2,11). E esfeno e quase nada mais.";gemologia::gemas-coradas::colecionador;gemologia-m03-oa18;gemologia-m03-a18;medio;Aula 18
gemologia-m03-fb278;Propriedades diagnosticas dos feldspatos-gema (faixas)?;"IR ~1,52-1,57; densidade ~2,55-2,75; dureza 6-6,5; duas direcoes de clivagem que se cruzam perto de 90 graus.";gemologia::gemas-coradas::colecionador;gemologia-m03-oa18;gemologia-m03-a18;medio;"Aula 18 - GIA, Feldspar"
gemologia-m03-fb279;O que produz a labradorescencia?;"Lamelas internas de exsolucao na labradorita/espectrolita, que difratam a luz em lampejos de azul, verde e ouro.";gemologia::gemas-coradas::colecionador;gemologia-m03-oa18;gemologia-m03-a18;medio;Aula 18
gemologia-m03-fb280;Qual e a controversia da andesina?;"A andesina vermelha e verde que apareceu em volume nos anos 2000, atribuida ao Tibete/China/Congo, e em boa parte (talvez toda) feldspato palido difundido com cobre sem divulgacao. A bancada nao separa cor por cobre magmatico de cor por difusao.";gemologia::gemas-coradas::colecionador;gemologia-m03-oa18;gemologia-m03-a18;dificil;Aula 18 - GIA G&G Winter 2022
gemologia-m03-fb281;O que distingue a pedra-do-sol de Oregon?;"Contem cobre metalico de origem magmatica, que lhe da cor de vermelho a verde alem da aventurescencia.";gemologia::gemas-coradas::colecionador;gemologia-m03-oa18;gemologia-m03-a18;medio;Aula 18
gemologia-m03-fb282;A danburita passa nos requisitos tecnicos de uma gema comercial? Por que e de colecionador?;"Passa: dureza 7-7,5, sem clivagem seria, quimicamente estavel. E de colecionador so por cor palida e falta de demanda - o caso puro da gema que falha so pelo mercado.";gemologia::gemas-coradas::colecionador;gemologia-m03-oa18;gemologia-m03-a18;medio;Aula 18
gemologia-m03-fb283;Por que a apatita tem esse nome?;"Do grego apatao, enganar - era confundida com outras gemas.";gemologia::gemas-coradas::colecionador;gemologia-m03-oa18;gemologia-m03-a18;facil;Aula 18 - Mindat
gemologia-m03-fb284;"Qual gema de colecionador imita bem a turmalina Paraiba, e como separa-las?";"A apatita azul-esverdeada de Madagascar. Separam-se pelo indice de refracao (~1,64 na apatita contra ~1,62 na turmalina) e pela densidade.";gemologia::gemas-coradas::colecionador;gemologia-m03-oa18;gemologia-m03-a18;medio;Aula 18
gemologia-m03-fb285;"Qual o indice de refracao da fluorita, e o que ele tem de notavel?";"1,434 - valor unico (isotropica) e um dos mais baixos de todas as gemas.";gemologia::gemas-coradas::colecionador;gemologia-m03-oa18;gemologia-m03-a18;medio;"Aula 18 - GIA, Fluorite"
gemologia-m03-fb286;Por que a fluorita quase nao vira joia?;"Dureza 4 (risca ao contato com poeira), clivagem octaedrica perfeita em quatro direcoes, sensibilidade a choque termico e parte do material desbota. E o exemplo do curso de que identificar nao e recomendar uso.";gemologia::gemas-coradas::colecionador;gemologia-m03-oa18;gemologia-m03-a18;medio;Aula 18
gemologia-m03-fb287;O que e o Blue John?;"Fluorita bandada roxa e amarela de Derbyshire, trabalhada desde o seculo XVIII em tacas e vasos ornamentais - nunca em aneis.";gemologia::gemas-coradas::colecionador;gemologia-m03-oa18;gemologia-m03-a18;facil;Aula 18
gemologia-m03-fb288;Qual criterio de gema cada especie da aula 18 falha?;"Esfeno: dureza 5-5,5 + clivagem. Feldspatos: dureza no limite + duas clivagens + duvida de tratamento. Danburita: so o mercado. Apatita: dureza 5 + fragilidade + acidos. Fluorita: durabilidade em todos os eixos.";gemologia::gemas-coradas::colecionador;gemologia-m03-oa18;gemologia-m03-a18;dificil;Aula 18
gemologia-m03-fb289;Por que a cianita tem duas durezas?;"Dureza anisotropica: ~4-5 ao longo do cristal e ~6,5-7 na direcao perpendicular. O nome antigo, disteno (duas forcas), registra isso.";gemologia::gemas-coradas::colecionador;gemologia-m03-oa19;gemologia-m03-a19;medio;"Aula 19 - GIA, Kyanite"
gemologia-m03-fb290;A cor azul da cianita vem de que?;Ferro e titanio - o mesmo par que colore a safira.;gemologia::gemas-coradas::colecionador;gemologia-m03-oa19;gemologia-m03-a19;medio;Aula 19
gemologia-m03-fb291;Por que a cianita e gema de colecionador?;A dureza direcional somada a duas clivagens (perfeita numa direcao) torna a lapidacao e o engaste um pesadelo.;gemologia::gemas-coradas::colecionador;gemologia-m03-oa19;gemologia-m03-a19;medio;Aula 19
gemologia-m03-fb292;Quais sao os tres materiais de gema do diopsidio?;"Cromo-diopsidio (verde por cromo), diopsidio estrelado (asterismo de quatro raios) e violane (macico azul-violaceo por manganes).";gemologia::gemas-coradas::colecionador;gemologia-m03-oa19;gemologia-m03-a19;medio;Aula 19
gemologia-m03-fb293;Quais sao as fragilidades do cromo-diopsidio como gema?;"Acima de ~1-2 ct escurece e perde vida; a oferta e sazonal (a lavra siberiana para no inverno). A oferta comercial comecou com um deposito descoberto em 1988.";gemologia::gemas-coradas::colecionador;gemologia-m03-oa19;gemologia-m03-a19;dificil;Aula 19
gemologia-m03-fb294;"Quantos raios tem a estrela do diopsidio estrelado, e por que?";"Quatro, por inclusoes em duas direcoes quase perpendiculares.";gemologia::gemas-coradas::colecionador;gemologia-m03-oa19;gemologia-m03-a19;medio;Aula 19
gemologia-m03-fb295;O que e a escapolita?;"Uma serie de solucao solida entre marialita (sodio) e meionita (calcio), tetragonal, uniaxial negativa, IR ~1,54-1,58, dureza 5,5-6.";gemologia::gemas-coradas::colecionador;gemologia-m03-oa19;gemologia-m03-a19;medio;"Aula 19 - GIA; Mindat"
gemologia-m03-fb296;"Com que a escapolita amarela e confundida, e qual escapolita desbota?";"A amarela (por ferro) e confundida com berilo dourado e crisoberilo. A violeta a purpura (Mianmar, Afeganistao) desbota com a exposicao a luz.";gemologia::gemas-coradas::colecionador;gemologia-m03-oa19;gemologia-m03-a19;medio;Aula 19
gemologia-m03-fb297;O que a brazilianita tem de unico entre as gemas amarelas?;A cor (amarelo-esverdeado a dourado) e propria da especie e nunca e tratada.;gemologia::gemas-coradas::colecionador;gemologia-m03-oa19;gemologia-m03-a19;medio;Aula 19
gemologia-m03-fb298;De onde vem a brazilianita e quando foi descrita?;"De pegmatitos de Minas Gerais (Conselheiro Pena, Corrego Frio); descrita em 1945 e nomeada pelo pais. Dureza 5,5, clivagem perfeita, quebradica.";gemologia::gemas-coradas::colecionador;gemologia-m03-oa19;gemologia-m03-a19;facil;Aula 19 - Pough & Henderson 1945
gemologia-m03-fb299;"O que e tenebrescencia, e qual gema a exibe?";"Mudanca de cor reversivel provocada pela luz. A hackmanita (variedade de sodalita) aprofunda uma cor rosa a violeta sob UV ou no escuro, e desbota para branco-acinzentado sob luz solar.";gemologia::gemas-coradas::colecionador;gemologia-m03-oa19;gemologia-m03-a19;medio;Aula 19
gemologia-m03-fb300;"Como a taaffeita foi identificada, e o que a separa do espinelio?";"Em 1945, a partir de uma pedra ja lapidada tida como espinelio. E duplamente refrativa (uniaxial); o espinelio e isotropico. Formula Mg3Al8BeO16.";gemologia::gemas-coradas::colecionador;gemologia-m03-oa19;gemologia-m03-a19;dificil;"Aula 19 - Mindat; GIA"
gemologia-m03-fb301;Qual e a sintese das duas aulas de gemas de colecionador?;"Cada especie falha em um dos quatro requisitos (dureza, clivagem, estabilidade de cor, oferta). O gemologo as identifica porque aparecem fora do varejo e porque varias imitam especies caras - reconhece-las impede uma identificacao errada para cima.";gemologia::gemas-coradas::colecionador;gemologia-m03-oa19;gemologia-m03-a19;dificil;Aula 19
gemologia-m03-fb302;Quais gemas de colecionador imitam especies valiosas?;"Esfeno x demantoide; apatita azul-esverdeada x turmalina Paraiba; cromo-diopsidio x esmeralda e tsavorita; sinhalita x peridoto; taaffeita x espinelio; escapolita amarela x berilo dourado.";gemologia::gemas-coradas::colecionador;gemologia-m03-oa19;gemologia-m03-a19;dificil;Aula 19
gemologia-m03-fb303;Por que o rubi de Mogok fluoresce vermelho forte?;"Forma-se em marmore, ambiente pobre em ferro; como o ferro suprime a fluorescencia do cromo, sem ferro a fluorescencia soma-se a cor de corpo. E a origem do termo pigeon's blood.";gemologia::gemas-coradas::procedencias;gemologia-m03-oa20;gemologia-m03-a20;medio;"Aula 20 - GIA G&G; Hughes"
gemologia-m03-fb304;O que o rubi de Mong Hsu ensina sobre a relacao tratamento x procedencia?;"O rubi de Mong Hsu (anos 1990) tem nucleo azul-escuro quase sempre removido por aquecimento - reconhecer Mong Hsu e, na pratica, reconhecer um aquecimento.";gemologia::gemas-coradas::procedencias;gemologia-m03-oa20;gemologia-m03-a20;medio;Aula 20 - GIA G&G 1995
gemologia-m03-fb305;Que camada nao gemologica o rubi e o jade birmaneses carregam?;"Restricoes de importacao (sobretudo dos EUA), que mudaram varias vezes desde 2003 e reendureceram depois de 2021. O regime depende do pais de destino e do momento - nao se presume.";gemologia::gemas-coradas::procedencias;gemologia-m03-oa20;gemologia-m03-a20;medio;Aula 20
gemologia-m03-fb306;"Qual e a provincia mais diversa em especies de gema, e de que tipo de deposito?";"O Sri Lanka; sobretudo de depositos secundarios - o cascalho aluvionar illam - na regiao de Ratnapura.";gemologia::gemas-coradas::procedencias;gemologia-m03-oa20;gemologia-m03-a20;facil;Aula 20 - GIA G&G 2017
gemologia-m03-fb307;O que e o geuda?;"Safira leitosa do Sri Lanka, quase sem valor ate os anos 1970, que passou a valer muito quando o aquecimento aprendeu a dissolver as inclusoes de rutilo que a embacavam.";gemologia::gemas-coradas::procedencias;gemologia-m03-oa20;gemologia-m03-a20;medio;Aula 20 - Hughes
gemologia-m03-fb308;Qual e a safira mais cara depois da azul de Caxemira?;A padparadscha - o rosa-alaranjado do Sri Lanka.;gemologia::gemas-coradas::procedencias;gemologia-m03-oa20;gemologia-m03-a20;facil;Aula 20
gemologia-m03-fb309;Quando e onde foi lavrada a safira de Caxemira?;"Num deposito do Himalaia ocidental acima de 4.000 metros, sobretudo entre 1881 e o fim daquela decada. A producao foi curta e nunca se repetiu em escala.";gemologia::gemas-coradas::procedencias;gemologia-m03-oa20;gemologia-m03-a20;medio;Aula 20 - GIA G&G 2015
gemologia-m03-fb310;"Por que a safira de Caxemira tem azul aveludado, e por que isso e raro?";Uma leve turvacao por inclusoes microscopicas espalha a luz e suaviza a cor em vez de mata-la - e o caso raro em que a inclusao agrega valor.;gemologia::gemas-coradas::procedencias;gemologia-m03-oa20;gemologia-m03-a20;dificil;Aula 20
gemologia-m03-fb311;O que Panjshir e Jegdalek (Afeganistao) produzem?;"Panjshir: esmeralda em veios hidrotermais em rocha carbonatica, confundida com a colombiana. Jegdalek: rubi e espinelio em marmore, do mesmo tipo geologico de Mogok.";gemologia::gemas-coradas::procedencias;gemologia-m03-oa20;gemologia-m03-a20;medio;Aula 20
gemologia-m03-fb312;Por que o rubi tailandes e escuro e sem fluorescencia?;"Os depositos de Chanthaburi-Trat e de Pailin estao ligados a basalto - ambiente rico em ferro, o oposto quimico de Mogok.";gemologia::gemas-coradas::procedencias;gemologia-m03-oa20;gemologia-m03-a20;medio;Aula 20 - Hughes
gemologia-m03-fb313;Uma pedra despachada da Tailandia e tailandesa?;"Quase nunca. Chanthaburi e o maior hub mundial de corte e tratamento termico de gema corada, recebendo bruto de Mocambique, Madagascar e Tanzania - e o aquecimento feito la apaga a evidencia de origem.";gemologia::gemas-coradas::procedencias;gemologia-m03-oa20;gemologia-m03-a20;medio;Aula 20
gemologia-m03-fb314;As duas advertencias que abrem o assunto das procedencias?;"Nome de provincia nao e laudo; e o premio e da pedra, nao do mapa - quase toda localidade importante produz material de qualidade muito variavel.";gemologia::gemas-coradas::procedencias;gemologia-m03-oa20;gemologia-m03-a20;medio;Aula 20
gemologia-m03-fb315;O que Montepuez (Mocambique) mudou no mercado do rubi?;"Descoberto em 2009, virou a maior fonte mundial em volume e em qualidade alta: quebrou a escassez que sustentava o preco do rubi birmanes e forcou os laboratorios a refinar a determinacao de origem.";gemologia::gemas-coradas::procedencias;gemologia-m03-oa21;gemologia-m03-a21;medio;Aula 21 - GIA G&G 2015
gemologia-m03-fb316;"Qual a geologia do rubi de Montepuez, e como difere de Mogok?";"Anfibolito metamorfico (nao marmore), com teor de ferro intermediario - dai uma fluorescencia mais fraca que a birmanesa.";gemologia::gemas-coradas::procedencias;gemologia-m03-oa21;gemologia-m03-a21;medio;Aula 21
gemologia-m03-fb317;"Que par de origens e dos mais dificeis de separar, e por que?";"Sri Lanka x Madagascar: a safira de Ilakaka (descoberta em 1998, deposito secundario) e geologicamente muito semelhante a cingalesa.";gemologia::gemas-coradas::procedencias;gemologia-m03-oa21;gemologia-m03-a21;medio;Aula 21 - GIA G&G 2001
gemologia-m03-fb318;Por que Merelani (Tanzania) e um caso de risco de suprimento?;E a unica fonte mundial conhecida de tanzanita - o caso mais claro de gema comercial de localidade unica.;gemologia::gemas-coradas::procedencias;gemologia-m03-oa21;gemologia-m03-a21;facil;Aula 21
gemologia-m03-fb319;O que a faixa metamorfica de Merelani produz alem de tanzanita?;"Tsavorita - granada grossularia verde por cromo e vanadio, descrita na Tanzania e no Quenia por volta de 1970.";gemologia::gemas-coradas::procedencias;gemologia-m03-oa21;gemologia-m03-a21;medio;Aula 21
gemologia-m03-fb320;O que o achado de Mahenge (2007) fez pelo espinelio?;"Forneceu espinelio rosa-avermelhado de saturacao incomum, que reposicionou o espinelio como gema de investimento.";gemologia::gemas-coradas::procedencias;gemologia-m03-oa21;gemologia-m03-a21;medio;Aula 21 - GIA G&G 2009
gemologia-m03-fb321;"Qual inclusao indica esmeralda colombiana, e com que forca?";"A inclusao trifasica (liquido + gas + cristal cubico de halita). Indicador forte, nao conclusivo - ocorre tambem no Afeganistao e na China.";gemologia::gemas-coradas::procedencias;gemologia-m03-oa21;gemologia-m03-a21;dificil;Aula 21
gemologia-m03-fb322;Como se distinguem a esmeralda colombiana e a zambiana?;"Colombia: veios em folhelho negro, verde puro de saturacao alta, inclusao trifasica. Zambia: xisto com pegmatito, verde mais azulado por mais ferro, maior produtor em volume (Kagem).";gemologia::gemas-coradas::procedencias;gemologia-m03-oa21;gemologia-m03-a21;medio;Aula 21 - GIA G&G 2005
gemologia-m03-fb323;O que a Australia forneceu ao mercado no seculo XX?;"Grande parte da safira de basalto (rica em ferro, azul-escura a esverdeada ou amarela) e a opala preciosa - Lightning Ridge (opala negra), Coober Pedy, Andamooka.";gemologia::gemas-coradas::procedencias;gemologia-m03-oa21;gemologia-m03-a21;facil;Aula 21
gemologia-m03-fb324;Cite duas gemas americanas de localidade quase unica.;"A benitoita da California e a safira de Yogo Gulch, em Montana.";gemologia::gemas-coradas::procedencias;gemologia-m03-oa21;gemologia-m03-a21;medio;Aula 21
gemologia-m03-fb325;Em que tres camadas de evidencia se apoia uma determinacao de origem?;"Conjunto de inclusoes ao microscopio + quimica de elementos-traco (razoes de Fe, Ti, Ga, Mg, V, Cr por LA-ICP-MS) + espectro UV-Vis-NIR - comparados a colecoes de referencia de material coletado na mina.";gemologia::gemas-coradas::procedencias;gemologia-m03-oa21;gemologia-m03-a21;dificil;"Aula 21 - LMHC; GIA"
gemologia-m03-fb326;Quais sao os quatro limites de uma opiniao de origem?;"E comparacao e nao medida (so se identifica o que esta na colecao de referencia); depositos novos degradam a base; o tratamento apaga evidencia; e laboratorios divergem - mais quanto maior o premio em jogo.";gemologia::gemas-coradas::procedencias;gemologia-m03-oa21;gemologia-m03-a21;dificil;Aula 21
