O que é um sistema mineral e qual é a diferença conceitual em relação ao modelo de depósito?;Um sistema mineral descreve um depósito como produto final de quatro componentes que precisam coexistir (fonte, transporte, deposição, preservação), deslocando o foco de "que tipo de depósito é este?" para "que evidência de qual combinação de fonte-transporte-deposição-preservação existe nesta área?"
A que escala de trabalho geofísica se investiga um levantamento de eletrorresistividade de detalhe com eletrodos espaçados a 10-25 m?;Escala de alvo (poucos km a centenas de metros) ou de depósito (dezenas a centenas de metros em profundidade). Em escala de depósito, serve para resolver a geometria 3D do corpo mineralizado e conectar aos furos de sondagem já feitos.
Qual é a profundidade de investigação típica de um levantamento aerogeofísico de reconhecimento (magnetometria + gamaespectrometria) com linhas espaçadas a 200-300 m?;Alguns quilômetros em profundidade, adequado para escala de distrito/camp (dezenas de km), porque o aerolevantamento mapeia estruturas de transporte (contatos, intrusões, falhas) de primeira ordem e halos de alteração superficial.
Qual é o principal compromisso físico mencionado na Aula 01 que governa a escolha de método geofísico em cada escala?;Resolução espacial versus profundidade de investigação — sinais de alta frequência ou estações densamente espaçadas resolvem mais detalhe mas se atenuam antes de alcançar profundidade; sinais de baixa frequência ou estações espaçadas atingem mais fundo mas borram estruturas pequenas.
Em qual faixa de densidade (g/cm³) fica um corpo de sulfeto maciço real já misturado à ganga, em oposição ao mineral puro?;Entre 3,5 e 4,5 g/cm³, consideravelmente menor do que minerais puros como pirita/pirrotita (4,5-5,2) ou magnetita (4,9-5,2), porque a ganga (material sem valor econômico) reduz o valor médio.
Qual é a propriedade física que a gravimetria mede e qual é seu principal uso em exploração mineral além de detectar o próprio minério?;Density (densidade). Seu uso mais frequente é mapear estruturas de transporte e unidades hospedeiras de um sistema mineral (contatos com densidade contrastante, intrusões profundas, zonas de falha) — isto é, informa mais sobre fonte e transporte do que sobre deposição direta.
Cite dois minerais sulfetos cuja susceptibilidade magnética é significativa em geofísica de exploração.;Pirrotita monoclínica (Fe₇S₈ — ferrimagnética, fortemante magnética mas de resposta variável com o campo aplicado) e magnetita (o mineral que mais controla a susceptibilidade total de uma rocha, mesmo em proporções pequenas, com susceptibilidade da ordem de alguns SI ~5).
Em qual faixa de susceptibilidade magnética (adimensional, SI) ficam as rochas máficas comuns?;De 10⁻³ a 10⁻², entre 1-2 ordens de grandeza acima de sedimentares e félsicas (~10⁻⁶ a 10⁻⁵) e abaixo de rochas ricas em magnetita (10⁻¹ a ~1).
Qual é a regra de sinal de alteração em depósitos tipo pórfiro: alteração potássica destrói ou acrescenta magnetita?;Alteração potássica (biotita secundária, feldspato potássico) ACRESCENTA magnetita hidrotermal e produz alto magnético. Alteração fílica/sericítica (quartzo-sericita-pirita), mais ácida, é a destrutiva de magnetita e produz baixo magnético, tipicamente como anel envolvendo o núcleo potássico.
Por que o canal de potássio (K) isoladamente não separa alteração potássica de alteração fílica em levantamentos aéreos de gamaespectrometria?;Porque ambas elevam o canal de K — a sericita (mineral característico da alteração fílica) também é uma mica potássica. Quem distingue as duas é o sinal magnético: potássica dá alto, fílica dá baixo.
Qual é a janela de energia padrão (keV) do IAEA para o potássio em gamaespectrometria?;1,37-1,57 MeV (pico de 1,46 MeV do ⁴⁰K). As outras duas janelas padrão são urânio (1,66-1,86 MeV, pico de Bi-214) e tório (2,41-2,81 MeV, pico de Tl-208). As três NÃO são contíguas: há intervalos mortos entre elas para reduzir vazamento entre canais.
Qual é a profundidade de penetração efetiva do sinal gama em levantamentos de gamaespectrometria aérea ou terrestre?;Apenas 30-45 cm de material — o método é "cego" para profundidade, mas extremamente sensível à mineralogia de alteração exposta ou subaflorante, porque mede diretamente o comportamento dos radioelementos (K, U, Th) na alteração.
Quais são os dois mecanismos físicos de condução elétrica em rochas que a Aula 04 distingue, e qual é o contraste de condutividade entre eles?;Condução eletrolítica (rochas comuns, via água nos poros, dependente de porosidade/saturação/salinidade) versus condução eletrônica (sulfetos metálicos, via elétrons livres na estrutura cristalina, independente de água). Sulfetos como pirrotita (~10³-10⁵ S/m) e calcopirita (~1-10⁴ S/m) são ordens de grandeza mais condutores do que eletrólitos rochosos comuns.
Qual é a limitação mais grave do método de eletrorresistividade na detecção de mineralização?;Dificuldade em detectar sulfeto disseminado de baixo teor, porque grãos isolados sem conectividade elétrica suficiente não formam um caminho contínuo de baixa resistência — a resistividade aparente pode não cair muito mesmo com volume economicamente significativo de sulfeto espalhado, caso típico de um pórfiro.
Qual é o fenômeno físico que a polarização induzida (IP) explora para detectar minério?;O efeito capacitivo na interface entre o grão mineral eletronicamente condutor e o eletrólito nos poros ao redor — quando a corrente é interrompida abruptamente, o material se descarrega gradualmente como um capacitor, gerando uma tensão residual mensurável.
Qual é a relação típica entre cargabilidade (resposta de IP) e teor de sulfeto em textura disseminada (não maciça)?;Aproximadamente linear enquanto o volume de sulfeto fica abaixo de cerca de 20% do volume de rocha. Em texturas maciças ou de veio, o crescimento já é não linear abaixo de cerca de 30% de volume — os limiares dependem de textura, tamanho de grão e mineralogia.
Qual é a combinação de resposta em resistividade e cargabilidade mais diagnóstica de sulfeto em levantamentos combinados de eletrorresistividade + IP?;Baixa resistividade + alta cargabilidade coincidentes especialmente — descarta as duas causas alternativas mais comuns: condução eletrolítica pura (argila, água salobra, que daria baixa resistividade + baixa cargabilidade) e sulfeto disseminado esparso (que daria resistividade ainda moderada + alta cargabilidade).
Qual é o princípio físico fundamental que permite aos métodos eletromagnéticos indutivos dispensarem eletrodos em contato com o solo?;Indução eletromagnética: uma bobina transmissora gera um campo magnético primário alternado; esse campo induz correntes parasitas (eddy currents) em corpos condutores pela lei de indução de Faraday; essas correntes geram um campo secundário captado por uma bobina receptora, sem necessidade de contato elétrico direto.
Cite a faixa de frequência típica de dois sistemas aéreos de FDEM convencionais de bobina rebocada.;DIGHEM: ~900 Hz a 56 kHz; RESOLVE: ~400 Hz a 140 kHz. Esses sistemas tendem a ficar limitados a poucas dezenas até cerca de 150-200 m de profundidade de investigação.
Entre sistemas aéreos de bobina rebocada, qual entrega maior profundidade de investigação: TDEM ou FDEM?;TDEM (domínio do tempo) alcança profundidades maiores que FDEM (domínio da frequência) equivalente. A vantagem vem de que o TDEM mede o decaimento do campo secundário em janelas de tempo posteriores ao desligamento do campo primário, permitindo observar sinais tardios e fracos que vêm de profundidades maiores, sem serem mascarados pelo campo primário sempre presente no FDEM.
Por que a profundidade de investigação de um sistema semiaéreo de fonte aterrada (transmissor fincado, receptor voando) é governada principalmente pela geometria e potência da fonte, não pelo domínio de aquisição?;Porque o afastamento fonte-receptor (tipicamente quilômetros) e a potência injetada já determinam o quão profundo o campo se propaga, independentemente de o receptor operar no domínio do tempo ou da frequência. Um sistema de FREQUÊNCIA (FDEM) com fonte aterrada pode alcançar profundidades comparáveis às de um sistema TDEM convencional se o afastamento for grande o suficiente.
Qual é a faixa de frequência do GPR (radar de penetração no solo)?;Tipicamente entre dezenas de MHz e cerca de 1 GHz — ordens de grandeza mais altas que qualquer eletromagnético indutivo de exploração (que opera em Hz a kHz).
Qual é o principal compromisso do GPR em relação ao compromisso resolução×profundidade descrito na Aula 01?;O GPR resolve o compromisso na direção oposta dos EM indutivos: entrega resolução espacial excelente (centímetros a dezenas de cm) ao custo de profundidade muito pequena (poucos metros em solo condutores, até dezenas de metros em material seco e resistivo).
Por que o GPR é frequentemente "cego" em argilas, água salgada e outros materiais condutores?;Porque frequências de rádio tão altas (dezenas de MHz a ~1 GHz) são fortemente absorvidas por materiais com alta condutividade elétrica — o mesmo mecanismo de atenuação dependente de frequência introduzido na Aula 01, levado ao extremo com as frequências mais altas do GPR resultando em penetração de menos de um metro em solos condutores típicos.
Qual é o papel típico do GPR no fluxo de trabalho de exploração mineral comparado aos outros métodos deste módulo?;Raramente localiza o próprio depósito em exploração greenfield — seu papel é de apoio: mapear espessura e estrutura interna do regolito e solo residual sobre um alvo, detectar estruturas rasas relevantes para geotecnia de mina (cavidades, contatos abruptos), e em ambientes muito resistivos, mapear estruturas de minério muito próximas da superfície com detalhe que outros métodos não alcançam.
O que é um problema direto em geofísica, e qual é sua relação com o problema inverso?;Problema direto: dado um modelo conhecido de propriedade física, calcular que anomalia esse modelo produziria na superfície — tem solução única. Problema inverso: dada uma anomalia medida, encontrar o modelo de subsuperfície que a produziu — é o que a exploração precisa resolver, e em campos potenciais é fundamentalmente não único (ambíguo).
Cite um exemplo clássico de ambiguidade no problema inverso de gravimetria que demonstra sua não unicidade.;Uma esfera densa e pequena a certa profundidade produz exatamente a mesma anomalia gravimétrica que uma casca esférica concêntrica, mais larga e de topo mais raso, desde que ambas tenham a mesma massa total. Sem informação adicional, o dado gravimétrico não pode preferir uma geometria à outra.
O que é um problema "mal-posto" em matemática aplicada, e por que a inversão geofísica bruta é tipicamente mal-posta?;Um problema mal-posto não tem solução única, é instável a pequenas perturbações no dado, ou não tem solução. A inversão geofísica bruta é mal-posta porque múltiplos modelos explicam o mesmo dado igualmente bem — a solução não é única.
Qual é a estratégia principal de regularização usada em geofísica de exploração para transformar um problema mal-posto em algo tratável?;Inversão de estrutura mínima (ou "inversão de Occam", de Constable, Parker & Constable, 1987): entre todos os modelos que ajustam o dado observado, escolhe-se aquele que varia o menos possível de uma célula vizinha — o mais suave possível, evitando introduzir estrutura não exigida pelo dado.
Qual é a consequência prática de usar regularização de estrutura mínima na inversão geofísica?;Tende a produzir modelos com corpos mais difusos, mais suaves e mais espalhados do que a realidade geológica muitas vezes é — um corpo de minério real costuma ter contatos relativamente nítidos, não gradientes suaves. Um intérprete que esquece disso pode subestimar o contraste real ou superestimar o volume aparente.
De quais métodos geofísicos vistos neste módulo a inversão 1D, 2D e 3D transforma dados em modelo?;Todos: gravimetria, magnetometria, gamaespectrometria (radiométrico), eletrorresistividade, polarização induzida e eletromagnéticos. A inversão é o processo comum que converte dados medidos em superfície num modelo de propriedade física em profundidade.
Cite dois pacotes de inversão geofísica 3D amplamente usados na indústria de exploração mineral.;GRAV3D (gravimetria), MAG3D (magnetometria), DCIP3D (eletrorresistividade + IP) — desenvolvidos pelo Grupo de Inversão Geofísica (GIF) da University of British Columbia.
Qual é a forma mais eficaz de ancorar um modelo geofisicamente ambíguo na geologia real, segundo a Aula 06?;Restringir a inversão com petrofísica local — densidade, susceptibilidade, resistividade de amostras de testemunho de furos já perfurados na área. Isso reduz o espaço de modelos matematicamente compatíveis a um subconjunto geologicamente plausível.
O que é uma "camada de evidência" num mapa de prospectividade mineral?;Uma reinterpretação de dados brutos (geofísicos, geoquímicos, estruturais, geológicos) em termos de seu significado para os componentes de um sistema mineral (fonte, transporte, deposição, preservação), em vez do valor bruto da variável física em si.
Por que um mapa de prospectividade mineral é descrito como uma síntese e não como uma medição direta?;Porque combina múltiplas fontes de informação interpretadas por critérios geológicos antes de entrar no modelo — nenhum dado bruto entra diretamente; cada camada deve antes ser transformada numa camada de evidência que faz sentido no contexto do sistema mineral que está sendo testado.
Quais são os dois componentes principais de um mapa de prospectividade orientado por conhecimento (knowledge-driven)?;As camadas de evidência selecionadas (definidas como relevantes para o tipo de depósito buscado) e os pesos ou regras com que são combinadas, ambos definidos a priori por especialistas — não emergem dos dados, mas da interpretação especializada do modelo de sistema mineral.
Qual é o risco principal de uma abordagem orientada por conhecimento em prospectividade mineral?;Viés de confirmação do modelo conceitual: se o modelo de sistema mineral escolhido estiver incompleto ou equivocado, o mapa vai sistematicamente sub-representar áreas favoráveis que não se encaixam nesse modelo — o algoritmo, por mais sofisticado, nunca vai descobrir um padrão que o especialista não pensou em procurar.
Qual é o método estatístico intermediário que usa a distribuição espacial de depósitos conhecidos para calcular os pesos de evidência de forma supervisionada?;Pesos de evidência (weights of evidence) — uma ponte entre a abordagem puramente orientada por conhecimento (pesos definidos a priori) e a abordagem puramente orientada por dados (aprendizado de máquina sem definição prévia de pesos).
Qual é a principal vantagem de uma abordagem orientada por dados (machine learning) em prospectividade mineral?;Capacidade de capturar relações não lineares e interações complexas entre muitas camadas de evidência simultaneamente — algo impraticável de especificar manualmente por regras fuzzy quando há dezenas de camadas de entrada.
Qual é o problema mais sério que limita a aplicação de aprendizado de máquina a prospectividade mineral, segundo a Aula 07?;O problema dos positivos raros: depósitos minerais economicamente viáveis são por definição extremamente raros geograficamente. Um conjunto de treinamento típico tem poucas dezenas de depósitos conhecidos contra milhares a dezenas de milhares de km² — um desbalanceamento severo de classes.
Qual é a diferença entre sobreajuste e viés de amostragem de exploração no contexto de aprendizado de máquina em prospectividade?;Sobreajuste: o modelo memoriza características específicas dos poucos depósitos conhecidos, incluindo particularidades irrelevantes, e falha em generalizar para depósitos de tipo ligeiramente diferente. Viés de amostragem: tratar "não confirmado" como sinônimo de "geologicamente desfavorável" em áreas pouco exploradas penaliza justamente a fronteira exploratória menos estudada.
O que é viés de cobertura das camadas de evidência, mencionado na Aula 07?;Quando uma camada de evidência só existe sobre uma fração da área e entra no modelo como se estivesse disponível em toda parte, o algoritmo pode aprender a associar "ausência de dado" com "ausência de depósito" — um artefato puramente de amostragem de aquisição, não geológico.
Qual é a abordagem recomendada (segundo a Aula 07) para mitigar o problema dos positivos raros em prospectividade mineral?;Abordagem híbrida: usar o paradigma de sistemas minerais para pré-selecionar e construir as camadas de evidência mais relevantes fisicamente, e só então usar aprendizado de máquina para encontrar combinações e interações não lineares entre essas camadas já geologicamente filtradas — não tratar dado bruto e algoritmo como suficientes por si sós.
Qual é a connexão conceitual entre a Aula 07 (IA e Big Data) e a Aula 01 (sistemas minerais)?;A resposta mais robusta ao problema dos positivos raros é usar o paradigma de sistemas minerais (Aula 01) para construir e filtrar camadas de evidência antes de alimentar aprendizado de máquina — o módulo fecha exatamente onde começou, com o sistema mineral como quadro conceitual que dá sentido a todo o dado geofísico coletado.
Qual é a diferença entre escala de alvo e escala de depósito na exploração mineral em termos de pergunta exploratória?;Escala de alvo: "Esta anomalia específica, vista à distância, é um alvo perfurável?" (decisão de onde perfurar, requer resolução de poucos km a centenas de metros). Escala de depósito: "Qual é a geometria 3D do corpo mineralizado, e como ele se conecta aos furos já feitos?" (decisão de geometria do corpo, requer resolução de dezenas a centenas de metros em profundidade).
Em qual escala de trabalho a gamaespectrometria aérea é mais útil: província ou distrito?;Distrito/camp (dezenas de km) — a resolução do levantamento aéreo de gamaespectrometria é adequada para mapear halos de alteração hidrotermal de extensão km, não estruturas de escala de província. A gamaespectrometria mede a "pele" do terreno (primeiros 30-45 cm), sendo muito sensível a alteração superficial mas cega para profundidade crustal.
Por que métodos de fonte natural (magnetotelúrico, AFMAG) dispensam transmissor controlado a bordo de um sistema aéreo?;Aproveitam o ruído eletromagnético atmosférico natural gerado principalmente por atividade global de raios, propagado na cavidade Terra-ionosfera — não precisam gerar e transmitir energia, reduzindo peso e custo do sistema aéreo.
Qual é a desvantagem de usar métodos de fonte natural em relação a sistemas EM de fonte controlada?;A intensidade e o espectro do sinal natural variam com hora do dia, estação do ano e atividade de tempestades globais, exigindo processamento estatístico mais elaborado para extrair um sinal confiável e repetível.
Qual é o principal resultado teórico da teoria do potencial que explica a não unicidade fundamental da inversão em gravimetria e magnetometria?;Um resultado clássico (associado ao trabalho de Gauss no século XIX) que estabelece que existem infinitas distribuições de massa/magnetização diferentes no interior de um volume que produzem exatamente o mesmo campo potencial observado na superfície externa a esse volume — é propriedade matemática do próprio campo potencial, não limitação do instrumento.
Qual é a ordem de grandeza da susceptibilidade magnética da magnetita pura?;Cerca de 5 SI — magnetita é o mineral que mais controla a susceptibilidade total de uma rocha, mesmo em proporções pequenas, porque sua própria susceptibilidade é ordens de grandeza maior que a da maioria dos silicatos.
Em qual tipo de depósito a magnetita é abundante e magneticamente significativa, e em qual ela tende a ser destruída durante processos hidrotermais típicos?;Abundante e significativa em: formações ferríferas magnetíticas, minério de magnetita, peridotitos serpentinizados, e sistemas tipo pórfiro com alteração potássica. Destruída em: pórfiros com alteração fílica/sericítica (mais ácida), que a consome produzindo baixo magnético.
Qual é a relação entre a propriedade física medida e o tipo de depósito em cada um dos seguintes: (1) gravimetria, (2) magnetometria, (3) gamaespectrometria?;(1) Gravimetria mede densidade — útil para mapear estruturas de transporte (contatos densos, intrusões) e sulfetos maciços densos. (2) Magnetometria mede susceptibilidade/magnetização — sensível a halos de alteração (destruição/criação de magnetita) e sulfetos magnéticos como pirrotita. (3) Gamaespectrometria mede radioatividade de K, U, Th — sensível a assinatura mineralógica de alteração hidrotermal exposta (potássica, fílica, argílica).
Qual é o principal resultado do teorema da casca de Newton citado como exemplo de ambiguidade em gravimetria?;Que uma esfera densa e uma casca esférica concêntrica, se tiverem a mesma massa total e o ponto de observação estiver fora da distribuição, produzem o mesmo campo gravitacional externo — demonstra que a geometria interna é ambígua sem informação adicional.
Qual é a faixa de densidade de rochas comuns contra a qual se contrasta o corpo de minério para criar uma anomalia gravimétrica?;Granito/gnaisse: 2,6-2,8 g/cm³; basalto: 2,7-3,1 g/cm³ — a sulfeto maciço real em torno de 3,5-4,5 g/cm³ cria contraste de 1 a 2 g/cm³, suficiente para produzir anomalias mensuráveis a profundidades de dezenas a poucas centenas de metros.
O qual é o motivo físico fundamental pelo qual aumentar de dimensão do modelo (de 1D para 2D para 3D) não elimina a ambiguidade fundamental do problema inverso?;A ambiguidade vem da matemática do potencial (infinitas distribuições internas produzem o mesmo campo externo), não da dimensão do espaço de modelo. Aumentar dimensão apenas expressa essa ambiguidade num espaço maior — o que ganha é a capacidade de incorporar restrições multimétodo e geológicas mais ricas, reduzindo o subconjunto de modelos plausíveis.
Qual é a profundidade típica de investigação de um levantamento de eletrorresistividade de detalhe (arranjo dipolo-dipolo) com eletrodos a 10-25 m de espaçamento?;Algumas centenas de metros no máximo — a profundidade de investigação é aproximadamente proporcional ao espaçamento entre eletrodos, de modo que para investigar profundidade de poucos quilômetros seria necessário espaçamento de eletrodos de alguns quilômetros (impraticável em levantamento terrestre, viável em fonte aterrada semiaérea).
Qual é o fenômeno que torna a pirrotita um sufeto magnéticamente importante em exploração, apesar de a magnetita ser de primeira ordem?;Pirrotita monoclínica (Fe₇S₈) é ferrimagnética e fortemente magnética, mas sua susceptibilidade é sensivelmente dependente da intensidade do campo aplicado, tornando sua resposta mais variável e mais difícil de modelar de forma simples do que a magnetita. Mesmo assim, ela é importante em sistemas VMS (sulfeto vulcanogênico), onde forma halos de alta resposta magnética.
