Diferencie fonte pontual e fonte difusa de contaminação.;Pontual: origem pequena e bem definida (um tanque, uma tubulação). Difusa: distribuída sobre área extensa, sem origem única (agricultura, deposição atmosférica).
Cite quatro atividades humanas geradoras de contaminação de água subterrânea.;Disposição de resíduos sólidos (aterros/lixões), vazamento de tanques/tubulações (postos), agricultura (fertilizantes/agrotóxicos), efluentes domésticos/industriais — também mineração e intrusão salina.
Como se estima a carga contaminante de uma fonte?;Carga (massa/tempo) = concentração na fonte × vazão de infiltração através da fonte.
A carga na fonte é igual à concentração observada num poço a jusante?;Não. A concentração no poço é o resultado da carga após passar pelos processos de transporte e atenuação ao longo do trajeto fonte-poço.
Qual a fórmula da velocidade linear média (vx)?;vx = (K × i) / ne, onde ne é a porosidade efetiva — distinta da velocidade de Darcy (vD = K × i).
Por que se usa porosidade efetiva, e não porosidade total, no cálculo de vx?;Porque a água só flui pelos poros interconectados — usar a porosidade total superestima ne e subestima a velocidade real em meios com porosidade não conectada.
Do que é composta a dispersão hidrodinâmica?;Dispersão mecânica (heterogeneidade da trajetória em escala de poro) + difusão molecular (movimento browniano, geralmente desprezível fora de meios de condutividade muito baixa).
Como se relaciona a dispersividade transversal (aT) com a longitudinal (aL)?;aT é tipicamente 5 a 20 vezes menor que aL — o espalhamento é maior na direção do fluxo que perpendicular a ele.
O que é o "efeito de escala" da dispersividade?;A dispersividade aumenta com a escala de observação — valores de laboratório são ordens de grandeza menores que valores retrocalculados de plumas de campo, por não capturarem heterogeneidades em múltiplas escalas.
Na solução de Ogata-Banks para fonte contínua, mais dispersão significa que a pluma chega mais rápido?;Não. A posição central da frente avança na velocidade advectiva vx — a dispersão só alarga a distribuição em torno desse centro (uma pequena fração chega antes do tempo advectivo).
Escreva a isoterma linear de sorção.;Csorvido = Kd × Cdissolvido, onde Kd é o coeficiente de distribuição (volume/massa).
Como se estima Kd para compostos orgânicos hidrofóbicos?;Kd = Koc × foc, onde Koc é o coeficiente de partição carbono orgânico-água do composto e foc é a fração de carbono orgânico do aquífero.
Qual a fórmula do fator de retardação R?;R = 1 + (rho_b / ne) × Kd, onde rho_b é a massa específica aparente do meio poroso — a velocidade do soluto é vx / R.
Por que cloreto é usado como traçador conservativo em campo?;Porque não sofre sorção (Kd = 0), logo R = 1 e viaja exatamente na velocidade da água.
A sorção remove permanentemente o contaminante do sistema?;Não. É um processo reversível — sob mudança de condições, parte da massa sorvida pode se redissolver (dessorção).
O que é biodegradação, e por que difere da sorção nesse aspecto?;Transformação de um contaminante orgânico por micro-organismos em produtos como CO2 e água — ao contrário da sorção, remove efetivamente massa do contaminante original do sistema.
Qual a sequência termodinâmica preferencial de aceptores de elétrons na biodegradação?;O2 (aeróbio) > NO3- (desnitrificação) > Mn(IV) > Fe(III) > SO4(2-) (redução de sulfato) > CO2 (metanogênese), em ordem decrescente de energia liberada.
Como se aproxima a cinética de biodegradação de um contaminante?;Cinética de primeira ordem: C(t) = C0 × e^(-lambda t), onde lambda é a constante de decaimento.
O que é atenuação natural monitorada (MNA)?;A decisão gerencial de confiar nos processos naturais de atenuação como remediação, sob monitoramento ativo que comprove seu funcionamento — não é "não fazer nada".
Quais as três linhas de evidência exigidas pela USEPA (1999) para justificar MNA?;(1) tendência histórica de estabilização/redução da pluma, (2) dados geoquímicos consistentes com os mecanismos propostos, (3) estudos de campo/laboratório demonstrando capacidade microbiológica de degradação.
O que é um NAPL?;Non-aqueous phase liquid — líquido pouco solúvel em água que, em volume, forma uma fase líquida separada e imiscível.
Como se classificam LNAPL e DNAPL?;Por densidade relativa à água: LNAPL (< 1,0 g/cm3, ex. hidrocarbonetos de petróleo) flutua sobre o lençol freático, DNAPL (> 1,0 g/cm3, ex. solventes clorados) afunda através da zona saturada.
Cite as três zonas de contaminação por LNAPL.;Fase livre (móvel), fase residual (retida por tensão superficial, fonte de longo prazo) e pluma dissolvida (fração que se dissolve e transporta como soluto).
A espessura de LNAPL medida num poço de monitoramento reflete fielmente a espessura real na formação?;Não. O poço, sem tensão capilar, permite acúmulo maior que no meio poroso intacto — tende a superestimar a espessura real (efeito documentado por Hampton & Miller, 1988).
Por que o DNAPL "contraria a intuição" do transporte de contaminantes?;Porque sua fase livre migra sob controle gravitacional e estrutural (mergulho de camadas confinantes), podendo se mover em direção diferente — inclusive oposta — à direção do fluxo hidráulico regional.
Escreva a relação de Ghyben-Herzberg.;z = (rho_f / (rho_s - rho_f)) × h, onde z é a profundidade da interface água doce-água salgada abaixo do nível do mar e h é a altura do nível d'água doce acima do mar.
Qual o multiplicador aproximado de Ghyben-Herzberg para água do mar típica?;≈40 — cada metro de água doce acima do nível do mar corresponde a cerca de 40 m de água doce abaixo do nível do mar até a interface salina.
Vulnerabilidade de aquífero é sinônimo de risco de contaminação?;Não. Vulnerabilidade considera só as características físicas do meio — risco = vulnerabilidade × carga contaminante × existência/proximidade de um receptor.
Quais os três parâmetros do método GOD?;G (tipo de ocorrência de água subterrânea), O (classe litológica do aquífero/cobertura), D (profundidade do nível d'água) — índice = G × O × D.
Por que o índice GOD é um produto, e não uma soma, dos três parâmetros?;Porque os fatores atuam multiplicativamente — um fator de proteção forte (ex.: camada confinante, G baixo) domina o resultado mesmo com os demais parâmetros indicando alta vulnerabilidade.
O método DRASTIC usa a mesma lógica de combinação do GOD?;Não. DRASTIC (Aller et al., 1987) soma sete parâmetros hidrogeológicos ponderados, em vez de multiplicar três como o GOD.
Por que o perímetro de proteção de um poço não é um círculo simétrico?;Porque a área de captura real se estende preferencialmente a montante do fluxo regional (de onde vem a água que o poço capta) e é restrita a jusante.
Cite as etapas progressivas de investigação de uma área contaminada.;Avaliação preliminar, investigação confirmatória, investigação detalhada, avaliação de risco, remediação/monitoramento — cada uma reduz a incerteza da etapa seguinte.
Que normas orientam o gerenciamento de áreas contaminadas no Brasil?;ABNT NBR 15515-1 (avaliação preliminar) e Resolução CONAMA 420/2009 (valores orientadores de qualidade de solo e água subterrânea), com a CETESB como referência de procedimento.
