"id";"texto";"extra";"aula";"objetivo"
"geologia-m16-fc001";"A Grande Oxidação (~2,4 Ga) resultou de {{c1::fotossíntese oxigênica}} de {{c2::cianobactérias}}, que gerou O₂ consumido em {{c3::pias químicas}}, principalmente {{c4::oxidação de ferro ferroso (Fe²⁺)}} precipitando em {{c5::formações ferríferas bandadas (BIFs)}}.";"Aula 01 — Coevolução. O atraso entre evolução de cianobactérias e acúmulo atmosférico de oxigênio foi causado pela saturação dessas pias químicas.";"a01";"OA-01"
"geologia-m16-fc002";"O ciclo {{c1::carbonato-silicato}} é uma retroalimentação biogeoquímica de longo prazo: {{c2::intemperismo químico}} de rochas silicáticas (acelerado por {{c3::solos, raízes e micro-organismos}}), consome {{c4::CO₂ atmosférico}}, funcionando como um {{c5::termostato}} que mantém a Terra em faixa de temperatura compatível com água líquida.";"Aula 01 — Este ciclo ajuda a explicar o ""paradoxo do Sol fraco jovem"". O CO₂ consumido na decomposição de rochas silicáticas reduz efeito estufa.";"a01";"OA-01"
"geologia-m16-fc003";"Um estromatólito é uma estrutura sedimentar {{c1::laminada}}, formada por {{c2::aprisionamento}}, {{c3::ligação}} ou {{c4::precipitação mineral}} mediados por {{c5::comunidades microbianas}}, tipicamente em forma de {{c6::domos ou colunas}}.";"Aula 02 — Estromatólitos. Os três mecanismos de formação podem atuar isoladamente ou em conjunto.";"a02";"OA-02"
"geologia-m16-fc004";"Critérios de biogenicidade para aceitar um estromatólito incluem: {{c1::morfologia 3D complexa}} não redutível a processos físicos · {{c2::coerência ambiental}} entre forma e ambiente independentemente interpretado · {{c3::química e isótopos}} compatíveis com fracionamento biológico · e {{c4::exclusão de análogos abiogênicos}} que poderiam gerar estrutura similar.";"Aula 02 — A aplicação rigorosa desses critérios evita confundir estromatólitos genuínos com estruturas puramente físicas (ondas, correntes, deformação tectônica).";"a02";"OA-02"
"geologia-m16-fc005";"Estruturas interpretadas como estromatólitos em {{c1::Isua (Groenlândia)}} com idade ≥{{c2::3,7 Ga}} e grafite biogênico em {{c3::Labrador (Canadá)}} próximas de {{c4::3,95 Ga}} permanecem {{c5::mais disputadas}} porque essas rochas sofreram {{c6::deformação metamórfica}} que torna a interpretação ambígua.";"Aula 02 — Quanto mais antiga a rocha, mais intensa a deformação e mais contestada a biogenicidade. Strelley Pool (~3,43 Ga) é mais robusta.";"a02";"OA-02"
"geologia-m16-fc006";"Um {{c1::ciclo biogeoquímico}} descreve como um elemento circula entre {{c2::reservatórios biológicos}} (organismos), {{c3::geológicos}} (rochas, sedimentos) e {{c4::fluidos}} (atmosfera, oceano), mediado por {{c5::reações químicas e biológicas}}.";"Aula 03a — Ciclos Biogeoquímicos. Para C, S, N e O, a maioria das transformações é catalisada por micro-organismos.";"a03a";"OA-03"
"geologia-m16-fc007";"No ciclo do carbono, {{c1::fotossíntese}} reduz CO₂ a {{c2::matéria orgânica (açúcares)}} e {{c3::respiração}} faz o caminho inverso. O que rompe esse equilíbrio em escalas geológicas é {{c4::soterramento de matéria orgânica}} que escapa da respiração, originando {{c5::depósitos de carvão, petróleo e gás}}. Em termos líquidos, cada molécula de carbono enterrada corresponde a uma molécula de {{c6::O₂}} que não foi consumida.";"Aula 03a — Este é o mecanismo pelo qual o soterramento é a fonte do oxigênio atmosférico livre.";"a03a";"OA-03"
"geologia-m16-fc008";"Bactérias {{c1::redutoras de sulfato}} usam SO₄²⁻ como {{c2::aceptor de elétrons}} em {{c3::respiração anaeróbica}}, produzindo {{c4::H₂S}} como subproduto, que precipita com Fe²⁺ formando {{c5::sulfetos metálicos}} (especialmente {{c6::pirita}}). Bactérias {{c7::oxidantes de enxofre}} revertem este processo.";"Aula 03a — Este ciclo é essencial em ambientes anóxicos e deixa registros isotópicos preservados em rochas antigas.";"a03a";"OA-03"
"geologia-m16-fc009";"A nitrogenase rompe a ligação {{c1::N≡N}} do nitrogênio gasoso inerte, convertendo-o em {{c2::amônia (NH₃)}} utilizável, e é a {{c3::única via}} biológica conhecida de {{c4::fixação de nitrogênio}} atmosférico. Existe em três variantes: {{c5::molibdênio-ferro}} (dominante), {{c6::vanádio-ferro}} e {{c7::ferro apenas}}.";"Aula 03b — Assinaturas isotópicas de nitrogênio (δ15N) em rochas sedimentares documentam fixação biológica desde pelo menos ~3,2 Ga, um dos processos metabólicos mais antigos registrados. Esse valor é um limite mínimo do que ficou preservado, não a data de origem da enzima.";"a03b";"OA-03"
"geologia-m16-fc010";"Em um ambiente {{c1::anóxico}}, como uma zona de fundo de lago sem oxigênio no verão, {{c2::respiração de carbono}} é deslocada para {{c3::respiração via sulfato}} (em vez de O₂), {{c4::nitrificação para}} (N acumula como {{c5::amônia}}), e {{c6::ferro dissolvido}} é reduzido formando Fe²⁺ que reage com H₂S para precipitar {{c7::pirita}}.";"Aula 03b — Este exemplo mostra acoplamento real dos ciclos C, S, N sob mudança simples de redox.";"a03b";"OA-03"
"geologia-m16-fc011";"{{c1::Biomineralização induzida}} resulta de {{c2::mudança química}} causada pelo {{c3::metabolismo}} do organismo, sem {{c4::controle}} sobre a {{c5::forma}} do mineral. Em contraste, {{c6::biomineralização controlada}} usa {{c7::matriz orgânica}} para determinar {{c8::composição}}, {{c9::local}} e {{c10::forma}} precisos do mineral.";"Aula 04 — Biomineralização. A segunda via é responsável pela maioria dos esqueletos do registro pós-Cambriano.";"a04";"OA-04"
"geologia-m16-fc012";"As três famílias principais de sedimento biogênico são: {{c1::carbonático}} ({{c2::calcita/aragonita}}, produzido por {{c3::corais}}, {{c4::moluscos}}, {{c5::equinodermos}}, {{c6::cocolitoforídeos}}) · {{c7::silicoso}} ({{c8::opala}}) · {{c9::fosfático}} ({{c10::apatita}}, encontrada em {{c11::ossos e dentes}}).";"Aula 04 — Carbonato biogênico é provavelmente o sedimento biogênico mais importante em volume na história pós-Cambriana.";"a04";"OA-04"
"geologia-m16-fc013";"Bactérias {{c1::magnetotáticas}} sintetizam {{c2::intracelularmente}} cristais nanométricos de {{c3::magnetita (Fe₃O₄)}} organizados em {{c4::cadeias}}, funcionando como {{c5::bússola biológica}} que orienta a célula ao longo de {{c6::linhas do campo magnético terrestre}}.";"Aula 04 — Magnetita biogênica é proposta como possível biomarcador, mas exige convergência de múltiplas evidências.";"a04";"OA-04"
"geologia-m16-fc014";"No limite {{c1::Ediacarano-Cambriano}}, metazoários diversos começaram a {{c2::secretar esqueletos minerais}}: primeiro no Ediacarano terminal, ~{{c3::550-539 Ma}} ({{c4::Cloudina}}), depois no Cambriano inicial, ~{{c5::539-530 Ma}} ({{c6::small shelly fauna}}, {{c7::trilobitas}}, {{c8::braquiópodes}}, {{c9::equinodermos}}). Isso transformou o registro {{c10::sedimentar}} e {{c11::fóssil}}: partes duras {{c12::preservam-se}} muito melhor que corpo mole.";"Aula 04 — A ""revolução esquelética"" do Cambriano é uma transformação geobiológica, não apenas ambiental.";"a04";"OA-04"
"geologia-m16-fc015";"Estudos filogenéticos publicados em {{c1::2024}} estimam o {{c2::LUCA (Last Universal Common Ancestor)}} entre {{c3::~4,09 e 4,33 Ga}}, intervalo mais {{c4::estreito}} que — e compatível com — a faixa composta das estimativas anteriores ({{c5::~3,94-4,52 Ga}}). Isto aproxima a vida celular do próprio {{c6::término da formação da Terra}} e sugere que o LUCA já era {{c7::relativamente complexo}}.";"Aula 05a — Origem da vida. O avanço do estudo de 2024 foi estreitar o intervalo, não envelhecer o LUCA: o próprio trabalho descreve o resultado como comparável a estimativas prévias.";"a05a";"OA-05"
"geologia-m16-fc016";"A hipótese mais sustentada para o ambiente de origem da vida aponta para {{c1::sistemas hidrotermais}} associados a {{c2::serpentinização}} — reação entre {{c3::água do mar}} e {{c4::rochas ultramáficas}} que libera {{c5::hidrogênio molecular (H₂)}} criando um {{c6::gradiente químico}} (""eletrodo natural"") capaz de sustentar {{c7::reações redox}} parecidas com as usadas pela vida.";"Aula 05a — Origem da vida. A presença de girase reversa no genoma inferido do LUCA (enzima de hipertermofílicos) é usada como indício de habitat quente, mas o argumento é contestado, e a profundidade do sistema hidrotermal (profundo, raso ou fonte termal continental) permanece em disputa.";"a05a";"OA-05"
"geologia-m16-fc017";"O {{c1::""mundo de RNA""}} é uma hipótese {{c2::intermediária}} que tenta preencher a lacuna entre {{c3::química pré-biótica}} simples e o {{c4::LUCA}} plenamente celular. Propõe que {{c5::moléculas de RNA}} funcionaram simultaneamente como {{c6::material genético}} (replicação) e {{c7::catalisador}} (proteínas), antes da divisão de trabalho atual.";"Aula 05a — Origem da vida. Esta hipótese continua em debate ativo e não é consenso fechado.";"a05a";"OA-05"
"geologia-m16-fc018";"{{c1::Zona habitável}} é a {{c2::faixa orbital}} em torno de uma {{c3::estrela}} onde um {{c4::planeta rochoso}} poderia manter {{c5::água líquida}} estável na {{c6::superfície}}, dadas {{c7::pressão atmosférica}} e outros fatores. Também há {{c8::zonas subsuperficiais}} — ambientes aquecidos por {{c9::marés gravitacionais}} ou {{c10::decaimento radioativo}}, mesmo fora da zona clássica.";"Aula 05b — Astrobiologia. Marte, Europa e Encélado são alvos subsuperficiais no sistema solar.";"a05b";"OA-05"
"geologia-m16-fc019";"A {{c1::sonda Europa Clipper}} (NASA) foi {{c2::lançada}} em {{c3::outubro de 2024}} e é projetada para {{c4::avaliar habitabilidade}} de {{c5::Europa}} (não para {{c6::detectar vida}} diretamente), com chegada prevista em {{c7::2030}}.";"Aula 05b — Astrobiologia. A missão usará espectrômetros de massa e outros instrumentos para medir composição química e abundâncias isotópicas potencialmente compatíveis com biomarcadores.";"a05b";"OA-05"
"geologia-m16-fc020";"{{c1::Critérios de biogenicidade}} extraterrestres (desenvolvidos após {{c2::meteorito ALH84001}}) exigem: {{c3::múltiplas linhas de evidência}} independentes, {{c4::exclusão de análogos abiogênicos}}, {{c5::exclusão de contaminação}} terrestre e {{c6::convergência}} de padrões. Nenhuma {{c7::detecção isolada}}, mesmo sugestiva, sustenta alegação científica de {{c8::biomarcador}}.";"Aula 05b — Astrobiologia. Os mesmos critérios rigorosos usados para estromatólitos antigos na Terra protegem contra conclusões precipitadas sobre vida extraterrestre.";"a05b";"OA-05"
"geologia-m16-fc021";"{{c1::LUCA (~4,2 Ga)}} é o {{c2::ancestral comum}} mais recente de {{c3::toda vida celular}} *atualmente existente*, não a {{c4::""data de origem""}} de vida. A {{c5::origem real}} é a transição de {{c6::química pré-biótica}} para {{c7::autorreplicação}} suscetível a {{c8::seleção Darwiniana}} — possivelmente muito mais {{c9::antiga}}, com {{c10::histórico evolutivo}} longo entre origem real e LUCA {{c11::não preservado}} (ou incompletamente).";"Aula 05a — Origem da vida. Esta distinção é crucial para interpretar evidência geobiológica primitiva e guia a busca de biomarcadores em rochas pré-3,43 Ga.";"a05a";"OA-05"
