"id";"frente";"verso";"aula";"objetivo"
"geologia-m16-fb001";"O que é a Grande Oxidação (GOE)?";"Acúmulo de oxigênio livre (O₂) na atmosfera terrestre iniciado por volta de 2,4-2,3 bilhões de anos atrás, resultado da fotossíntese oxigênica de cianobactérias após saturação das ""pias químicas"" (oxidação de Fe²⁺ oceânico em BIFs). Uma das maiores transformações geoquímicas da história da Terra.";"a01";"OA-01"
"geologia-m16-fb002";"O que significa dizer que a relação entre vida e Terra física é uma coevolução, e não de mão única?";"Significa que a vida não apenas responde ao ambiente: ela o altera (composição da atmosfera, química dos oceanos, tipos de rocha que se formam na superfície), e essas alterações geológicas redirecionam a evolução biológica em resposta. Causa e efeito se realimentam — é um sistema acoplado, não duas trilhas separadas.";"a01";"OA-01"
"geologia-m16-fb003";"O que é uma formação ferrífera bandada (BIF) e por que desaparece do registro após ~1,8 Ga?";"BIF é depósito de rochas sedimentares químicas com camadas alternadas de óxidos de ferro e quartzo, formado quando O₂ produzido por fotossíntese oxidava Fe²⁺ dissolvido nos oceanos primitivos. Desaparece porque o estoque de Fe²⁺ reativo se esgotou após a progressiva oxigenação dos oceanos — a ""pia química"" foi saturada.";"a01";"OA-01"
"geologia-m16-fb004";"O que é uma retroalimentação negativa, e qual é o exemplo dela na regulação climática de longo prazo da Terra?";"Retroalimentação negativa é aquela em que o efeito modera sua própria causa. Exemplo: o ciclo carbonato-silicato — mais CO₂ aquece o planeta, o aquecimento acelera o intemperismo químico dos silicatos, o intemperismo consome CO₂, o planeta resfria. Funciona como termostato de longuíssimo prazo e ajuda a explicar o ""paradoxo do Sol fraco jovem"".";"a01";"OA-01"
"geologia-m16-fb005";"O que é um estromatólito?";"Estrutura sedimentar laminada, tipicamente em domos ou colunas, construída pelo aprisionamento, ligação ou precipitação mineral mediados por comunidades microbianas (sobretudo cianobactérias). Forma-se quando tapetes microbianos crescem verticalmente sobre sedimento recém-capturado ou precipitado, ciclo após ciclo, produzindo laminação fina e característica.";"a02";"OA-02"
"geologia-m16-fb006";"Qual é a fábrica interna que caracteriza um trombólito?";"Fábrica maciça ou ""grumosa"" (clotted), sem laminação clara, ainda que a forma externa (domos, colunas) se pareça com a de um estromatólito. Indica atividade microbiana com precipitação mais caótica, sem a organização direcional do tapete laminado.";"a02";"OA-02"
"geologia-m16-fb007";"O que é MISS e como se diferencia de estromatólitos?";"MISS (Microbially Induced Sedimentary Structures) são estruturas sedimentares — rugas, domos, texturas enrugadas — produzidas pela interação física de tapetes microbianos com sedimento, sem necessariamente formar a laminação interna característica de estromatólitos. Refletem atividade microbiana mas com menor grau de organização biológica preservada.";"a02";"OA-02"
"geologia-m16-fb008";"Qual critério de biogenicidade avalia se a forma de uma estrutura poderia ter sido produzida por processo puramente físico?";"Morfologia tridimensional complexa. Pergunta-se se a forma é redutível a deposição, ondas, correntes ou deformação — ou se exige explicação biológica. Um domo assimétrico alongado na direção da luz ou do fluxo d'água, por exemplo, sugere crescimento fototáctico, não acaso físico.";"a02";"OA-02"
"geologia-m16-fb009";"Qual é a formação de estromatólitos mais antiga amplamente aceita e onde se localiza?";"Formação Strelley Pool, no Cráton de Pilbara, Austrália Ocidental, datada em ~3,43 bilhões de anos atrás. Apresenta morfologia tridimensional complexa (domos, cones, estruturas em ""caixa de ovos""), contexto sedimentar coerente e múltiplas linhas de evidência independentes de origem biológica.";"a02";"OA-02"
"geologia-m16-fb010";"O que é um ciclo biogeoquímico?";"Circulação de um elemento químico entre reservatórios biológicos (organismos), geológicos (rochas, sedimentos) e fluidos (atmosfera, oceano), mediada por reações químicas e biológicas. A maior parte dos ciclos biogeoquímicos é movida por reações redox catalisadas por micro-organismos.";"a03a";"OA-03"
"geologia-m16-fb011";"No ciclo do carbono, qual é o papel do soterramento de matéria orgânica?";"O soterramento de matéria orgânica que escapa da respiração (pequena fração) é o que rompe o equilíbrio do ciclo de curto prazo. Em escalas geológicas, esse soterramento gera depósitos de carvão, petróleo e gás. Em termos líquidos, cada molécula de carbono enterrada sem reoxidação corresponde a uma molécula de O₂ que não foi consumida — isto é, a fonte do oxigênio atmosférico livre.";"a03a";"OA-03"
"geologia-m16-fb012";"Como bactérias redutoras de sulfato e oxidantes de enxofre controlam o ciclo do enxofre em ambientes anóxicos?";"Bactérias redutoras de sulfato usam SO₄²⁻ dissolvido como aceptor final de elétrons em respiração anaeróbica, produzindo H₂S como subproduto — este precipita com ferro (Fe²⁺) formando sulfetos (pirita). Bactérias oxidantes de enxofre revertem o processo, reconvertendo H₂S a sulfato ou enxofre elementar. O registro isotópico do enxofre (MIF-S) rastreia o histórico redox da atmosfera.";"a03a";"OA-03"
"geologia-m16-fb013";"O que é nitrogenase e qual é seu papel único na biosfera?";"Nitrogenase é uma enzima capaz de romper a ligação tripla N≡N do N₂ gasoso inerte, convertendo-o em amônia (NH₃) utilizável. Existe em três variantes conhecidas: molibdênio-ferro (dominante e mais eficiente), vanádio-ferro e ferro apenas. É a única via biológica conhecida de fixação de nitrogênio atmosférico — sem ela, a vida não teria acesso ao nitrogênio em forma utilizável.";"a03b";"OA-03"
"geologia-m16-fb014";"Como o oxigênio funciona como eixo de acoplamento entre os ciclos do carbono, enxofre e nitrogênio?";"Presença/ausência de O₂ determina qual via de respiração é usada (aeróbica vs. anaeróbica), a especiação do enxofre (sulfato vs. sulfeto) e a disponibilidade de nitrato vs. amônia. Um ambiente que perde oxigênio simultaneamente remodela como carbono, enxofre e nitrogênio circulam ali — são um sistema acoplado, não isolado.";"a03b";"OA-03"
"geologia-m16-fb015";"O que é biomineralização induzida?";"Biomineralização em que o organismo não controla a forma do mineral resultante. Sua atividade metabólica apenas muda a química local (pH, concentração de íons) — ex.: fotossíntese remove CO₂ e eleva pH, favorecendo precipitação de CaCO₃ espontaneamente. O mineral tem hábito cristalino comum, indistinguível de precipitação abiogênica sob a mesma química.";"a04";"OA-04"
"geologia-m16-fb016";"O que é biomineralização controlada?";"Biomineralização em que o organismo secreta uma matriz orgânica especializada (proteínas, polissacarídeos) que nucleia, orienta e molda o crescimento do cristal em composição, forma e local precisos. Resultado: estrutura geneticamente reprodutível (concha espiralada, esmalte prismático). Responsável pela maioria dos esqueletos no registro fóssil pós-Cambriano.";"a04";"OA-04"
"geologia-m16-fb017";"Que mineral forma o sedimento biogênico carbonático, e quais organismos o produzem?";"Calcita e aragonita (com magnésio variável). Produzido por corais, moluscos, braquiópodes, equinodermos, foraminíferos e cocolitoforídeos. É provavelmente o sedimento biogênico mais importante em volume na história pós-Cambriana.";"a04";"OA-04"
"geologia-m16-fb018";"O que é magnetita biogênica e onde/como é produzida?";"Cristais de magnetita (Fe₃O₄) produzidos intracelularmente por bactérias magnetotáticas, organizados em cadeias. Funcionam como bússola biológica, orientando a célula ao longo das linhas do campo magnético terrestre — útil para navegar entre zonas com oxigênio variável em sedimentos estratificados. Proposta como possível biomarcador em contextos disputados.";"a04";"OA-04"
"geologia-m16-fb019";"Como a biomineralização esquelética transformou o registro sedimentar no limite Ediacarano-Cambriano?";"Por quase todo o Pré-cambriano, poucos organismos construíam esqueletos minerais — registro dominado por impressões de corpo mole e estromatólitos. Os primeiros metazoários biomineralizados bem documentados aparecem no Ediacarano terminal (~550-539 Ma, com Cloudina), e a diversificação se intensifica no Cambriano inicial (~539-530 Ma, small shelly fauna, trilobitas, braquiópodes, equinodermos). Isso transformou qualitativamente o registro sedimentar: partes duras preservam-se melhor que corpo mole, tornando o Fanerozoico muito mais rico em fósseis.";"a04";"OA-04"
"geologia-m16-fb020";"Cite o intervalo estimado mais recente para a idade do LUCA (Last Universal Common Ancestor).";"Análises filogenéticas publicadas em 2024 (Moody et al., Nature Ecology & Evolution) estimam LUCA entre ~4,09 e 4,33 bilhões de anos atrás. Atenção: o próprio estudo descreve esse resultado como comparável a estimativas anteriores, cuja faixa composta era ~3,94-4,52 Ga — o avanço foi estreitar o intervalo, não envelhecer o LUCA. Aproxima a vida celular do término da formação da Terra (~4,54 Ga) e sugere que o LUCA já era um organismo relativamente complexo (~2,75 Mb, ~2.600 proteínas, anaeróbio acetogênico).";"a05a";"OA-05"
"geologia-m16-fb021";"Qual é a hipótese atualmente mais sustentada para o ambiente de origem da vida?";"Sistemas hidrotermais associados a serpentinização — reação entre água do mar e rochas ultramáficas (manto) que libera H₂ molecular continuamente, criando um gradiente químico (eletrodo natural) capaz de sustentar reações redox parecidas com as usadas pela vida moderna para gerar energia. A profundidade do sistema (fonte submarina profunda vs. rasa ou fonte termal continental) continua em disputa.";"a05a";"OA-05"
"geologia-m16-fb022";"Qual enzima no genoma inferido do LUCA é usada como indício de habitat de alta temperatura — e qual é a ressalva?";"Girase reversa, hoje característica de organismos hipertermofílicos. Sua presença no genoma inferido do LUCA sugere ambiente quente, mas o argumento é contestado. Os próprios autores da reconstrução de 2024 registram que a evolução da girase reversa é complexa e encontram, no mesmo genoma, genes de proteção contra ultravioleta (compatíveis com águas rasas ou superficiais). Outras análises filogenéticas concluem que o LUCA não era hipertermofílico. Trate como indício, não como veredito.";"a05a";"OA-05"
"geologia-m16-fb023";"O que é ""mundo de RNA"" como hipótese intermediária de origem da vida?";"Hipótese que tenta preencher a lacuna entre reações químicas pré-bióticas simples e um LUCA plenamente celular. Propõe que moléculas de RNA teriam funcionado simultaneamente como material genético (replicação) e como catalisador (proteínas modernas), antes da divisão de trabalho entre DNA e proteínas que vemos hoje. Responde a uma pergunta diferente da do ambiente de origem — não é cenário concorrente da hipótese hidrotermal.";"a05a";"OA-05"
"geologia-m16-fb024";"O que é zona habitável em astrobiologia?";"Faixa de distâncias orbitais em torno de uma estrela onde um planeta rochoso poderia manter água líquida estável na superfície, dadas pressão atmosférica e outros fatores adequados. Também há zonas habitáveis subsuperficiais — ambientes aquecidos por marés gravitacionais ou decaimento radioativo, mesmo fora da zona habitável estelar clássica.";"a05b";"OA-05"
"geologia-m16-fb025";"Por que Marte é um dos alvos centrais da busca por vida no sistema solar?";"Por combinar possível água líquida subsuperficial (passada e presente) com um registro geológico de ambientes aquosos antigos excepcionalmente bem preservado — justamente porque não há atividade tectônica que recicle a superfície, ao contrário da Terra.";"a05b";"OA-05"
"geologia-m16-fb026";"O que é um biomarcador (biosignature)?";"Substância, padrão isotópico, estrutura ou combinação de gases atmosféricos cuja presença é interpretada como evidência de atividade biológica passada ou presente. Exemplos: fracionamento isotópico de carbono (¹²C preferido por metabolismo), magnetita biogênica em cadeias, padrão enantiomérico anômalo em aminoácidos. Nenhum é prova isolada de vida — todos exigem convergência de múltiplas linhas de evidência independentes.";"a05b";"OA-05"
"geologia-m16-fb027";"Por que o meteorito ALH84001 foi importante para a formação de critérios de biogenicidade extraterrestres?";"Em 1996, pesquisadores propuseram que estruturas em ALH84001 eram possíveis nanofósseis de vida marciana. Investigações subsequentes as reatribuíram a processos não biológicos. Este episódio levou a comunidade científica a formalizar critérios rigorosos de biogenicidade (morfologia complexa, convergência de múltiplas evidências, exclusão de análogos abióticos) — os mesmos critérios agora aplicados a qualquer alegação de biomarcador extraterrestre.";"a05b";"OA-05"
"geologia-m16-fb028";"Por que a idade do LUCA (~4,2 Ga) não é sinônimo de ""data de origem da vida""?";"LUCA é o ancestral comum mais recente de toda vida celular atualmente existente — é um nó filogenético de linhagens que sobreviveram até hoje, estimado retroativamente a partir de genomas atuais. A origem real da vida é a transição de química pré-biótica para autorreplicação suscetível a seleção darwiniana — possivelmente muito mais antiga, com histórico evolutivo longo entre ela e o LUCA não preservado (ou preservado incompletamente).";"a05a";"OA-05"
"geologia-m16-fb029";"Como a geobiologia terrestre fornece um padrão de referência para a busca de vida extraterrestre?";"Geobiologia oferece dois usos centrais: (1) Define onde procurar — conceito de zona habitável (estelar e subsuperficial). (2) Fornece o catálogo de biomarcadores e critérios de biogenicidade usados para interpretar qualquer evidência encontrada fora da Terra. Os mesmos critérios rigorosos (múltiplas linhas de evidência, exclusão de análogos abióticos) desenvolvidos para estromatólitos antigos na Terra agora protegem contra conclusões precipitadas sobre vida extraterrestre.";"a05b";"OA-05"
"geologia-m16-fb030";"O que é uma retroalimentação positiva, e qual é o exemplo dela invocado para as glaciações Bola de Neve?";"Retroalimentação positiva é aquela em que o efeito realimenta sua própria causa, amplificando-a. Exemplo: o resfriamento faz o gelo avançar, o gelo reflete mais luz solar (maior albedo), o planeta esfria mais ainda, e mais gelo se forma — a retroalimentação gelo-albedo, invocada para explicar a intensidade das glaciações Bola de Neve.";"a01";"OA-01"
"geologia-m16-fb031";"Um domo carbonático mostra laminação interna nítida em camadas alternadas. Estromatólito ou trombólito?";"Estromatólito. A laminação interna nítida e bem organizada é o traço diagnóstico: reflete o crescimento vertical cíclico e direcional de um tapete microbiano. O trombólito tem forma externa parecida mas fábrica interna maciça ou grumosa, sem laminação clara.";"a02";"OA-02"
"geologia-m16-fb032";"Qual critério de biogenicidade confronta a estrutura com a interpretação independente do ambiente deposicional?";"Coerência ambiental. Verifica-se se a forma e a variação lateral da estrutura (por exemplo, domos baixos passando a colunas ao longo de um gradiente de profundidade) batem com o ambiente reconstruído por evidência independente. Uma estrutura incompatível com seu próprio ambiente é suspeita.";"a02";"OA-02"
"geologia-m16-fb033";"Qual critério de biogenicidade usa lâmina delgada e isótopos para separar laminação biológica de precipitação inorgânica?";"Química e isótopos. Em lâmina delgada, pergunta-se se a periodicidade da laminação é compatível com variação sazonal ou de maré (biológica) ou segue padrão puramente cristalográfico (abiótico). Em paralelo, busca-se fracionamento isotópico de carbono compatível com fixação biológica.";"a02";"OA-02"
"geologia-m16-fb034";"Que mineral forma o sedimento biogênico silicoso, e quais organismos o produzem?";"Opala (SiO₂ hidratada). Produzido por diatomáceas, radiolários e esponjas.";"a04";"OA-04"
"geologia-m16-fb035";"Que mineral forma o sedimento biogênico fosfático, e onde ele ocorre?";"Apatita (fosfato de cálcio). É o mineral estrutural de ossos e dentes de vertebrados.";"a04";"OA-04"
"geologia-m16-fb036";"Por que Europa e Encélado são alvos promissores da astrobiologia, apesar de estarem muito fora da zona habitável estelar?";"Porque ambas têm oceanos de água líquida sob uma crosta de gelo, mantidos aquecidos por aquecimento de maré (deformação gravitacional causada pelo planeta hospedeiro) em vez de por luz estelar. São o caso típico de zona habitável subsuperficial.";"a05b";"OA-05"
"geologia-m16-fb037";"A missão Europa Clipper foi projetada para detectar vida em Europa?";"Não. Foi projetada para avaliar a habitabilidade de Europa — se as condições necessárias à vida estão presentes —, não para detectar vida diretamente. Lançada em outubro de 2024, com chegada prevista ao sistema de Júpiter em 2030, usa espectrômetros de massa e outros instrumentos para medir composição química e abundâncias isotópicas compatíveis com biomarcadores.";"a05b";"OA-05"
