O que significa "vetorização" numa operação NumPy?;Aplicar uma operação aritmética a todos os elementos de um array de uma só vez, delegando a execução a rotinas compiladas, sem laço for explícito.
Qual é a função NumPy que combina dois arrays 1D numa malha retangular de coordenadas?;np.meshgrid(x, z)
Por que Jupyter Notebook é adotado como padrão em geociência computacional?;Divide o código em células executáveis independentemente, permitindo ver o resultado (número, gráfico, tabela) imediatamente — o ciclo "escrever → ver → ajustar" é muito mais curto.
Qual é a diferença entre plt.plot e plt.imshow?;plt.plot desenha uma curva ligando pares de pontos; plt.imshow exibe uma matriz 2D como mapa de cores, essencial para visualizar campos sobre uma malha.
O que uma geoterma significa fisicamente?;Perfil de temperatura em função da profundidade, uma das grandezas fundamentais em modelos termais de litosfera.
Diferencie EDO de EDP pelo número de variáveis independentes envolvidas.;EDO: uma única variável independente (ex: tempo no decaimento dN/dt = -λN); EDP: duas ou mais variáveis independentes simultaneamente (ex: espaço e tempo).
Qual é a fórmula de diferença central de segunda ordem para aproximar ∂²T/∂z²?;(T[i+1] - 2T[i] + T[i-1]) / Δz²
Qual é a ordem de precisão (erro de truncamento) da diferença central de segunda ordem?;Segunda ordem: o erro de truncamento é proporcional a Δz².
A diferença central de segunda ordem é exata para que classes de funções?;Para polinômios de grau até três (quarta derivada nula).
Por que a maioria dos problemas geodinâmicos reais não admite solução analítica fechada?;Porque envolvem ingredientes realistas: produção de calor variável com profundidade, propriedades que mudam entre camadas, geometria irregular, reologia não-linear dependente da própria temperatura calculada.
Descreva a ponte que transforma uma EDP contínua num sistema resolvível.;Discretizar num domínio numa malha de nós espaçados por Δz, aproximar derivadas por diferenças finitas → em cada nó surge uma equação algébrica ligando vizinhos → reunindo todos os nós obtém-se um sistema linear resolvível por Gauss ou Gauss-Seidel.
Qual é a letra grega correta para a constante de decaimento radioativo (não é kappa)?;λ (lambda)
Por que decaimento radioativo (EDO do tempo) não é o mesmo que difusão (EDP do espaço)?;Decaimento é EDO de primeira ordem no tempo, sem derivada espacial, solução exponencial; difusão é EDP de segunda ordem no espaço.
κ (kappa) é a constante de decaimento ou a difusividade térmica?;κ é a difusividade térmica (k / ρ Cp), não a constante de decaimento que é λ.
Qual é o termo viscoso correto da equação de Stokes com viscosidade variável?;div[η(∇v + ∇vᵀ)] (divergente do tensor de taxa de deformação, simétrico, multiplicado por η).
Por que a forma simplificada div(η∇v) da equação de Stokes é enganosa em geodinâmica?;Porque só coincide com a forma correta quando η é constante; em modelos cuja viscosidade varia com a temperatura por ordens de grandeza (como neste módulo na Aula 08), omitir o termo simétrico produz um solver silenciosamente errado.
Qual é o critério físico correto para diagnóstico de instabilidade numérica num esquema explícito de calor?;O princípio do máximo: a solução nunca deve sair do intervalo entre o mínimo e máximo valor da condição inicial e dos contornos.
Uma temperatura negativa em Celsius numa simulação sempre indica erro numérico?;Não; uma geoterma sob superfície glaciada começa negativa. O critério é o princípio do máximo (valor sai do intervalo CI + contornos), não o sinal.
Qual é o significado físico do critério do máximo na equação do calor?;Calor nunca se concentra espontaneamente; sem termo de produção positivo, a temperatura em qualquer ponto não pode ultrapassar os limites impostos pela CI e contornos.
Escreva a relação dq/dz = A(z) com a convenção de sinal para fluxo ascendente (o que se mede e reporta).;dq/dz = -A(z), onde o sinal negativo reflete que o fluxo ascendente cresce em direção à superfície quando acumula a produção de tudo acima.
Por que a convenção de sinal de dq/dz precisa ser declarada explicitamente?;Porque o sinal depende inteiramente da escolha de qual direção (z para baixo ou para cima) e qual grandeza (componente q_z do fluxo ou fluxo ascendente Q reportado) se está usando.
O que significa "frágil" (brittle) em mecânica de rochas versus em modelagem geodinâmica numérica?;Mecanicamente, frágil = ruptura com perda de coesão; numericamente, um modelo contínuo simula o regime frágil usando um critério de escoamento plástico friccional (Mohr-Coulomb).
"Plástico" descreve o processo geológico de ruptura frágil ou o modelo numérico que a simula?;"Plástico" é o nome do modelo numérico (viscoplástico friccional Coulomb), não do processo geológico; o processo é ruptura frágil, e o modelo continuo não sabe representar uma fratura discreta.
Qual é a ordem de precisão de uma diferença central para a primeira derivada (diferentemente da segunda derivada)?;Segunda ordem: (f[i+1] - f[i-1]) / (2Δx) tem erro proporcional a Δx², apesar de usar apenas a primeira derivada.
np.gradient aplica diferença central em toda a malha?;Não; no interior usa diferença central (segunda ordem), mas nas bordas (primeira e última linha) usa diferença one-sided de primeira ordem (edge_order=1 por padrão).
Qual é o parâmetro default do np.gradient nas bordas da malha?;edge_order=1, que usa diferença one-sided de primeira ordem nas extremidades.
Qual é o Cp (calor específico) de uma rocha crustal média?;Não é universalmente 1.000 J/(kg·K); esse valor é o padrão de modelagem geodinâmica correspondente a ~220°C; à superfície, a crosta média tem ~760 J/(kg·K).
Por que Cp varia tanto na crosta versus no manto em modelos geotérmicos?;Porque Cp depende fortemente da temperatura; no interior quente (~220°C em profundidade), é ~1.000 J/(kg·K); perto da superfície (~0°C), é ~760 J/(kg·K).
Qual é a difusividade térmica típica κ adotada nos modelos de litosfera?;~1×10⁻⁶ m²/s, valor constante adotado convencionalmente apesar de κ variar ligeiramente com T e mineralog​ia; é uma simplificação comum.
A que energia de ativação Q o Módulo 23 atribui a fluência do olivino?;Q = 540 kJ/mol (Karato & Wu 1993), não Hirth & Kohlstedt (2003), que publica 530 ± 4 kJ/mol.
Qual é a razão de viscosidades do exemplo da Aula 08 entre 600°C e 900°C?;~22, pouco mais de UMA ordem de grandeza (log₁₀ = 1,34), não "uma ordem e meia".
Qual é a fração de subsidência remanescente aos 100 Ma num modelo de resfriamento de litosfera oceânica?;Pouco mais de 20% (0,2034).
Qual é a condição de estabilidade (número de Courant) para o esquema explícito FTCS da equação do calor?;Δt ≤ κΔz² / 2 (derivada de Fourier ≤ 0,5); violá-la causa oscilações e divergência.
Descreva o esquema explícito (FTCS) para a equação do calor.;Forward in Time, Central in Space: usa a derivada temporal forward (T^n+1 - T^n) / Δt e a segunda derivada espacial central; calcula T^n+1 diretamente dos valores T^n dos vizinhos, sem resolver sistema.
Descreva o esquema implícito (BTCS) para a equação do calor.;Backward in Time, Central in Space: usa a derivada temporal backward e a segunda derivada espacial central; cada passo requer resolver um sistema linear tridiagonal para T^n+1, mas é incondicionalmente estável.
Por que o esquema implícito é preferido apesar de exigir resolução de sistema a cada passo?;Porque é incondicionalmente estável (não há restrição de Courant), permitindo passos de tempo maiores sem violação numérica.
Qual é a geoterma de resfriamento de uma litosfera oceânica jovem (semi-espaço)?;T(z) = Tsup + (Tmanto - Tsup) erf(z / (2√(κt))), onde erf é a função erro; aproxima-se de linear para z pequeno e mantém a temperatura mantal a profundidade.
O modelo de semi-espaço para litosfera oceânica é exato para qual situação real?;É uma aproximação idealizada para litosfera oceânica em regime de resfriamento congelado numa placa móvel a velocidade v constante; real​idade inclui advecção e não-linearidades.
Qual é a idade da crosta oceânica em que a litosfera atinge sua máxima espessura no modelo de resfriamento?;~80-100 Ma, quando o resfriamento por condução frena em relação à taxa de produção de crosta nova na dorsal.
Uma geoterma continental em regime estável (sem resfriamento dinâmico) que equação satisfaz?;d²T/dz² = -A(z)/k, onde A(z) é a produção de calor local e k é a condutividade térmica (derivada da EDP da condução com ∂T/∂t = 0).
Qual é a camada da crosta com maior produção de calor radiogênico?;A crosta superior, que é mais enriquecida em U, Th, K; a produção cai exponencialmente com a profundidade.
Qual é a relação de Lachenbruch para o fluxo superficial em crosta continental?;q₀ = qₘ + ∫A(z)dz, onde q₀ é o fluxo de superfície, qₘ é o fluxo do manto e a integral é a contribuição integrada da produção radiogênica acima.
A lei de Fourier se aplica igualmente bem na litosfera oceânica e continental?;Sim, em ambos os casos descreve condução difusiva; a diferença está na geometria (semi-espaço dinâmico vs placa espessa) e na presença de produção de calor (ausente no oceano, intensa na crosta continental).
Qual é a viscosidade típica do manto em modelos de geodinâmica?;~10²¹ Pa·s (ordem de grandeza), com variação de ~1-2 ordens de grandeza entre manto rígido/litosférico e manto quente/astenosférico.
Como a viscosidade do manto varia com a temperatura num modelo Arrhenius?;η ∝ exp(Q/(RT)), onde Q é a energia de ativação (~540 kJ/mol), R é a constante dos gases (~8,31 J/mol·K), T é a temperatura; aumenta exponencialmente com T decrescente.
Qual é o mecanismo de fluência por difusão (Nabarro-Herring) em cristais?;Migração de lacunas através da rede cristalina em resposta a gradiente de tensão, mecanismo dependente do tamanho de grão (taxa ∝ 1/d²) e muito lento.
Qual é o mecanismo de fluência por deslocamento (dislocation creep) em cristais?;Movimento de discordâncias através da rede em resposta a tensão (taxa ∝ σⁿ, onde n ~3-4, viscosidade não-linear), mecanismo dominante em manto quente e crosta profunda.
Por que crosta rígida e manto viscoso têm reologias diferentes?;Crosta está fria (fluência por difusão é lenta, comportamento frágil-plástico com atrito domina); manto está quente (fluência por deslocamento é rápida, comportamento viscoso puro domina).
O que é "Mohr-Coulomb" no contexto de modelagem geodinâmica?;Um critério de escoamento plasticofriccional: τ = σₙ tan(φ) + c, usado para representar o regime frágil-plástico da crosta num modelo continuo viscoplastico.
Qual é o ângulo de atrito interno φ típico em crosta?;~25-35°, variável; tan(φ) ≈ 0,5 é um valor comum em modelagem.
Qual é a coesão c típica em crosta?;~10-100 MPa, variável com litologia; frequentemente ≈0 em models geológicos de longo termo (crosta meteorizada/fraturada).
O que é "extensão" em geodinâmica (deformação)?;Afinamento crustal com queda de tensão compressiva horizontal, levando a subsidência (em fases iniciais) ou uplift (quando litosfera rígida se estabiliza).
O que é "ruptura continental" (continental break-up)?;Transição entre um estado de crosta espessa e estável para uma margem passiva com crosta oceânica em formação; exige temperatura mantélica alta e/ou estiramento intenso.
Qual é a profundidade típica do início de fusão parcial do manto em contexto de hotspot?;~60-100 km de profundidade, onde T atinge o solidus da manterita (sem astenosfera especialmente quente, o solidus está ~50+ km mais profundo).
O que significa "subsidência remanescente" (residual subsidence) em margem passiva?;Subsidência que continua após o término do rifting, devido ao resfriamento condutivo progressivo da litosfera esticada; pode durar 100+ Ma.
Qual é o tipo de subsidência dominante nos primeiros 50 Ma de uma margem passiva?;Subsidência mecânica (isostatica), devida ao afinamento crustal e à mudança de densidade; depois domina a térmica (resfriamento).
O que é "slab-pull" em dinâmica de placas?;Força de tração exercida por uma placa densa subduzida no manto, puxando a placa convergente em direção ao ponto de subducção; uma das forças motrizes principais.
O que é "ridge-push" em dinâmica de placas?;Força de empurrão exercida pela dorsal média-oceânica elevada, transmitida pela placa afastando-se (tensão horizontal), uma das forças motrizes da tectônica de placas.
Qual é a ordem de magnitude das forças por unidade de comprimento em tectônica de placas (slab-pull, ridge-push)?;~10¹³ N/m, comparáveis ou superadas pela fricção em zonas de subducção.
Qual é a geometria típica de uma "cunha orogênica" (orogenic wedge)?;Prédio triangular de rochas de baixa resistência empilhadas sobre uma zona de cisalhamento de baixo ângulo, próximo ao ângulo crítico de estabilidade (~30°).
O que prevê a "teoria da cunha crítica" (critical wedge)?;Uma cunha orogênica mantém um ângulo crítico de inclinação determinado pela fricção e coesão; se tensões aumentam, a cunha ajusta sua geometria (aumenta a inclinação) para manter o estado crítico.
Qual é a temperatura na base da litosfera onde a viscosidade muda de ~10²⁵ para ~10²¹ Pa·s?;Aproximadamente 500-600°C (região onde difusão + deslocamento se equilibram); é uma aproximação de "crosta rígida vs manto viscoso".
Como a "astenosfera" (esferadeformável) é definida numericamente?;Região do manto onde viscosidade é mínima (~10²⁰-10²¹ Pa·s) devido a altas temperaturas (~1300°C); corresponde ao topo do manto convectivo.
Por que a viscosidade do manto diminui tão drasticamente sobre uma pequena mudança de temperatura?;Porque a lei de Arrhenius é exponencial (η ∝ exp(Q/RT)); uma mudança de 100-200°C num regime onde T é 1300-1600 K produz mudança de 1-2 ordens de grandeza.
A condução térmica é o mecanismo dominante de transporte de calor na astenosfera?;Não; na astenosfera em convecção, advecção (transporte por fluxo de material) e radiação (alta T) dominam; condução é lenta.
O que é "Lei de Fourier" e quando ela é válida em rochas?;Fluxo de calor = -k dT/dz (em 1D), onde k é condutividade térmica; válida quando o material está em repouso (ou fluxo lento) e sem mudanças de fase — quebra em zonas de subducção com desidratação rápida e fusão.
Qual é a ordem de magnitude da condutividade térmica de rochas crustais?;~2-3 W/(m·K), aproximadamente constante com T numa primeira aproximação (variação ~10% sobre 0-600°C).
A condutividade térmica da rocha seca é maior ou menor que a molhada?;Maior (seca ~2-3 W/m·K vs molhada ~1,5-2 W/m·K); água reduz condutividade porque tem baixa k (~0,6 W/m·K) e restringe o contato direto mineral-a-mineral.
Qual é o significado físico da "ordem de precisão" de uma fórmula numérica?;O expoente n na relação erro ∝ Δxⁿ; diferença central de segunda ordem tem n=2, ou seja erro ∝ Δz², reduz por fator 4 se refinar Δz por fator 2.
Como se testa se uma implementação numérica tem a ordem correta?;Refinando a malha (Δz/2, Δz/4, ...) e verificando que o erro diminui pelo fator esperado (2ⁿ para ordem n).
O que significa "convergência" de um método numérico?;A solução aproximada aproxima-se da solução exata (ou de referência de malha muito fina) conforme a malha é refinada (Δx → 0).
O que significa "estabilidade" de um esquema numérico?;Pequenos erros (arredondamento, truncamento) não amplificam com o tempo/iteração; crescimento desse erro indicaria instabilidade.
Qual é a diferença entre "erro de truncamento" e "erro de arredondamento"?;Truncamento: vem da discretização (Δxⁿ), reduz com malha mais fina; arredondamento: vem de precisão de máquina (float32, float64), pode piorar com malha muito fina.
Em que situação a refina​mento extremo de uma malha começa a piorar o resultado?;Quando o erro de arredondamento domina sobre o de truncamento (malha muito fina); em float64 typicamente ~10⁻⁸ m em Δz, abaixo disso piorar.
Qual é a diferença entre esquema "explícito" e "implícito" em termos de estabilidade?;Explícito: condicional (restrição de Courant Δt ≤ κΔz²/2); implícito: incondicional (válido para qualquer Δt).
Como o esquema BTCS (implícito) para calor resolve T^n+1 a partir de T^n?;Monta um sistema linear tridiagonal em cada passo de tempo, a incógnita é T^n+1 em todos os nós simultaneamente; resolve por Gauss ou Gauss-Seidel.
Por que a equação do calor é "parabólica" em classificação matemática?;Porque tem primeira derivada no tempo (∂T/∂t) e segunda no espaço (∂²T/∂z²), com a segunda derivada dominante no espaço — comportamento parabólico em z-t.
Por que a equação de Stokes é "elíptica" em classificação matemática?;Porque não tem derivada temporal (regime de fluxo viscoso lento), só segundas derivadas espaciais (∇²); descreve um estado de equilíbrio instantâneo.
Qual é a velocidade do manto típica em contextos de convecção e dinâmica de placas?;~1-10 cm/a (centímetros por ano), típicamente 5 cm/a; no manto profundo pode chegar a 10-20 cm/a em downwelling intenso.
Como a viscosidade varia com profundidade num modelo geotérmico realista (T crescente, pressão crescente)?;Viscosidade total pode ter um mínimo local (astenosfera ~1300-1400°C) e aumentar novamente em profundidade (transição 660 km, manto inferior mais viscoso).
Qual é a assinatura química (isótopos) do manto astenosférico versus litosférico?;Astenosfera: composição primitiva/depleta (Nd/Nd baixo, isótopos juvenis); litosfera subcrustal: frequentemente enriquecida (EM1, EM2, HIMU), dados mantélicos antigos.
Por que a análise 2D em modelagem geodinâmica é útil apesar da realidade ser 3D?;Porque captura os mecanismos principais (fluxo, reologia, história termal) ao reduzir custos computacionais; extensões 3D variam a geometria mas não muda a física fundamental.
Qual é o papel do "damping" (amortecimento) em simulações numéricas?;Reduz oscilações numéricas espúrias, particularmente em esquemas explícitos; implementado com difusão artificial ou pseudo-viscosidade.
O que é "viscosidade artificial" numa simulação geodinâmica?;Uma difusão artificial adicionada ao algoritmo para suprimir oscilações causadas por discretização; não deve ser interpretada como viscosidade real da rocha.
Qual é o impacto do "tamanho de grão" na reologia crustal em profundidade?;Pequeno d favorece fluência por difusão (taxa ∝ 1/d²); grande d favorece deslocamento; em crosta real (<1 mm), difusão é lenta, deslocamento domina.
Como está implementada a "não-linearidade" da reologia em modelos geodinâmicos?;Via iteração: estimar viscosidade a partir de T e σ, calcular fluxo, atualizar T e σ, repetir até convergência.
Qual é o impacto de "anisotropia" (direção-dependência) de propriedades físicas em modelagem?;Pode mudar significativamente fluxo e padrão de deformação, particularmente em zonas de cisalhamento; maioria dos modelos simplifica como isotrópicos para controlar custo.
