"id";"frente";"verso";"tags";"aula";"objetivo"
"geologia-m26-fb001";"O que é uma reação química?";"Um processo em que substâncias se transformam em outras, quebrando e formando ligações químicas entre átomos.";"geologia::m26::reacao";"a01";"oa01"
"geologia-m26-fb002";"O que é uma equação química?";"A representação escrita de uma reação, mostrando os reagentes do lado esquerdo e os produtos do lado direito, conectados por uma seta.";"geologia::m26::reacao";"a01";"oa01"
"geologia-m26-fb003";"O que é reagente e produto numa reação?";"Reagente é a substância que entra e é consumida; produto é a substância que sai, formada a partir dos reagentes.";"geologia::m26::reacao";"a01";"oa01"
"geologia-m26-fb004";"O que é um coeficiente estequiométrico?";"O número na frente de uma fórmula numa equação química, indicando quantas unidades daquela substância participam da reação.";"geologia::m26::reacao";"a01";"oa01"
"geologia-m26-fb005";"O que é balancear uma equação química?";"Ajustar os coeficientes até que o número de átomos de cada elemento seja igual dos dois lados da seta.";"geologia::m26::reacao";"a01";"oa01"
"geologia-m26-fb006";"O que estabelece a lei da conservação da massa?";"Que a massa total dos reagentes é igual à massa total dos produtos — nenhum átomo é criado nem destruído numa reação química comum.";"geologia::m26::reacao";"a01";"oa01"
"geologia-m26-fb007";"O que é intemperismo químico?";"A transformação química de um mineral em contato com água, ar ou ácidos, na superfície da Terra.";"geologia::m26::reacao";"a01";"oa01"
"geologia-m26-fb008";"No exemplo do feldspato potássico (ortoclásio), quais são os produtos quando ele sofre intemperismo químico?";"Caulinita (argila), sílica dissolvida e íons potássio.";"geologia::m26::reacao";"a01";"oa01"
"geologia-m26-fb009";"Por que não se pode mudar os índices dentro de uma fórmula para balancear uma equação?";"Porque os índices definem a identidade da substância — trocar Fe₂O₃ por Fe₂O₄ criaria uma substância diferente, não balancearia a equação.";"geologia::m26::reacao";"a01";"oa01"
"geologia-m26-fb010";"Qual é a versão balanceada da oxidação do ferro metálico em ferrugem (Fe₂O₃)?";"4 Fe + 3 O₂ → 2 Fe₂O₃";"geologia::m26::reacao";"a01";"oa01"
"geologia-m26-fb011";"Ao balancear uma equação, por que hidrogênio e oxigênio são deixados para o final?";"Porque costumam aparecer em várias fórmulas ao mesmo tempo (especialmente na água) e se ajustam sozinhos quando o resto já está balanceado.";"geologia::m26::reacao";"a01";"oa01"
"geologia-m26-fb012";"Qual é a primeira estratégia para balancear uma equação com vários elementos?";"Começar pelo elemento que aparece em menos fórmulas, geralmente o metal ou o elemento 'central' da reação.";"geologia::m26::reacao";"a01";"oa01"
"geologia-m26-fb013";"Na reação 4 FeS₂ + 15 O₂ + 8 H₂O → 2 Fe₂O₃ + 8 H₂SO₄, quantos átomos de enxofre há de cada lado?";"8 átomos de S de cada lado (4 FeS₂ tem 8 S à esquerda; 8 H₂SO₄ tem 8 S à direita).";"geologia::m26::reacao";"a01";"oa01"
"geologia-m26-fb014";"O que é um mol?";"Uma unidade de contagem que representa 6,02 × 10²³ partículas (átomos, íons ou moléculas) — equivalente a uma 'dúzia' para objetos microscópicos.";"geologia::m26::mol";"a02";"oa02"
"geologia-m26-fb015";"O que é o número de Avogadro?";"O número de partículas num mol: aproximadamente 6,02 × 10²³.";"geologia::m26::mol";"a02";"oa02"
"geologia-m26-fb016";"O que é massa atômica e onde ela é encontrada?";"A massa média de um átomo de um elemento, em unidades de massa atômica (u), lida diretamente na tabela periódica.";"geologia::m26::mol";"a02";"oa02"
"geologia-m26-fb017";"O que é massa molar?";"A massa de um mol de uma substância, em gramas por mol (g/mol), numericamente igual à soma das massas atômicas de todos os átomos da fórmula.";"geologia::m26::mol";"a02";"oa02"
"geologia-m26-fb018";"Como se calcula a massa molar da água (H₂O)?";"H: 2 × 1 = 2; O: 1 × 16 = 16. Total: 2 + 16 = 18 g/mol.";"geologia::m26::mol";"a02";"oa02"
"geologia-m26-fb019";"Como se calcula a massa molar da pirita (FeS₂)?";"Fe: 56; S: 2 × 32 = 64. Total: 56 + 64 = 120 g/mol.";"geologia::m26::mol";"a02";"oa02"
"geologia-m26-fb020";"O que é uma proporção estequiométrica?";"A relação de quantos mols de cada substância participam de uma reação, dada pelos coeficientes da equação balanceada.";"geologia::m26::mol";"a02";"oa02"
"geologia-m26-fb021";"Qual é o caminho de três passos para calcular quanto de um produto se forma a partir de uma massa conhecida de reagente?";"1. Gramas → mols (dividindo pela massa molar). 2. Mols → mols do produto (usando a proporção dos coeficientes). 3. Mols → gramas (multiplicando pela massa molar).";"geologia::m26::mol";"a02";"oa02"
"geologia-m26-fb022";"O que é reagente limitante?";"O reagente que se esgota primeiro numa reação, limitando quanto produto pode se formar, mesmo que haja excesso de outros reagentes.";"geologia::m26::mol";"a02";"oa02"
"geologia-m26-fb023";"Por que cobrir rejeitos de mineração com água ou solo é uma estratégia de controle de drenagem ácida?";"Porque transforma o oxigênio em reagente limitante, cortando o acesso do ar à pirita e travando a reação de oxidação.";"geologia::m26::mol";"a02";"oa02"
"geologia-m26-fb024";"Como se define uma solução?";"Uma mistura homogênea de uma substância dissolvida (soluto) em outra (solvente).";"geologia::m26::solucao";"a03";"oa03"
"geologia-m26-fb025";"O que é soluto e solvente?";"Soluto é a substância em menor quantidade que se dissolve; solvente é a que está em maior quantidade e dissolve o soluto.";"geologia::m26::solucao";"a03";"oa03"
"geologia-m26-fb026";"O que é concentração de uma solução?";"A quantidade de soluto presente numa certa quantidade de solução.";"geologia::m26::solucao";"a03";"oa03"
"geologia-m26-fb027";"O que é molaridade?";"Uma forma de concentração: quantos mols de soluto existem em 1 litro de solução, expressada em mol/L.";"geologia::m26::solucao";"a03";"oa03"
"geologia-m26-fb028";"O que significam ppm e ppb?";"ppm = 'partes por milhão': quantas unidades de massa de soluto em um milhão de unidades de massa de solução. ppb = 'partes por bilhão': mil vezes mais diluído que ppm.";"geologia::m26::solucao";"a03";"oa03"
"geologia-m26-fb029";"Como se converte entre ppm e molaridade?";"Usa-se a massa molar do soluto. Exemplo: 40 ppm de cálcio (massa molar 40 g/mol) = 0,040 g/L = 0,001 mol/L = 1 mmol/L.";"geologia::m26::solucao";"a03";"oa03"
"geologia-m26-fb030";"O que é pH?";"Uma escala de 0 a 14 que mede o quão ácida ou básica é uma solução, baseada na concentração de íons hidrogênio (H⁺).";"geologia::m26::ph";"a03";"oa03"
"geologia-m26-fb031";"Qual é a fórmula para calcular pH?";"pH = −log₁₀[H⁺], onde [H⁺] é a concentração molar de íons hidrogênio.";"geologia::m26::ph";"a03";"oa03"
"geologia-m26-fb032";"Por que a escala de pH é logarítmica, e qual é a consequência prática?";"Porque cada unidade de pH representa uma mudança de 10 vezes na concentração de H⁺. pH 4 tem 10 vezes mais H⁺ que pH 5, e 100 vezes mais que pH 6.";"geologia::m26::ph";"a03";"oa03"
"geologia-m26-fb033";"O que significa pH 7, e que tipo de solução é?";"pH 7 é o ponto neutro — é o pH da água pura, onde [H⁺] = 10⁻⁷ mol/L.";"geologia::m26::ph";"a03";"oa03"
"geologia-m26-fb034";"Qual é o pH natural da água da chuva não poluída, e por quê?";"Próximo de 5,6, porque a chuva dissolve CO₂ atmosférico e forma ácido carbônico (H₂CO₃), tornando-a naturalmente ácida.";"geologia::m26::ph";"a03";"oa03"
"geologia-m26-fb035";"Qual é o intervalo de pH típico de drenagem ácida de mina, e o que a causa?";"pH abaixo de 3, causado pela oxidação de sulfetos como a pirita, que produz íons H⁺ em grande quantidade.";"geologia::m26::ph";"a03";"oa03"
"geologia-m26-fb036";"O que define uma reação reversível?";"Uma reação que pode ocorrer nos dois sentidos: reagentes viram produtos, e produtos podem voltar a virar reagentes.";"geologia::m26::equilibrio";"a04";"oa04"
"geologia-m26-fb037";"O que é equilíbrio químico?";"O estado de uma reação reversível em que as velocidades das reações direta e inversa se igualam, fazendo as concentrações parecerem congeladas no nível observável.";"geologia::m26::equilibrio";"a04";"oa04"
"geologia-m26-fb038";"Como uma reação em equilíbrio 'não parou' se as concentrações não mudam?";"Porque a reação continua acontecendo nos dois sentidos (microscópico), mas nas mesmas velocidades, então no nível observável (macroscópico) não há mudança líquida.";"geologia::m26::equilibrio";"a04";"oa04"
"geologia-m26-fb039";"O que é o princípio de Le Chatelier?";"A regra de que um sistema em equilíbrio, ao sofrer uma perturbação (mudança de concentração, pressão ou temperatura), se desloca no sentido que reduz o efeito dessa perturbação.";"geologia::m26::equilibrio";"a04";"oa04"
"geologia-m26-fb040";"Se você aumenta a concentração de um reagente num equilíbrio, para qual lado o equilíbrio se desloca?";"Para a direita (sentido direto), para consumir o excesso de reagente e atingir um novo equilíbrio.";"geologia::m26::equilibrio";"a04";"oa04"
"geologia-m26-fb041";"Se você remove um produto assim que ele se forma, para qual lado o equilíbrio se desloca?";"Para a direita (sentido direto), para repor o produto removido.";"geologia::m26::equilibrio";"a04";"oa04"
"geologia-m26-fb042";"O que é o sistema carbonato?";"O conjunto de reações interligadas entre CO₂ (gás), água, ácido carbônico (H₂CO₃), bicarbonato (HCO₃⁻) e carbonato (CO₃²⁻), que controla a dissolução e precipitação de rochas calcárias.";"geologia::m26::carbonato";"a04";"oa04"
"geologia-m26-fb043";"Por que a calcita (CaCO₃) se dissolve em água rica em CO₂?";"Porque o CO₂ dissolvido forma ácido carbônico, que se ioniza em H⁺. Esse H⁺ ataca a calcita, deslocando o equilíbrio para a direita e dissolvendo-a.";"geologia::m26::carbonato";"a04";"oa04"
"geologia-m26-fb044";"Qual é o mecanismo químico por trás da formação de cavernas em rocha calcária?";"A água do solo, rica em CO₂ (produzido por raízes e micro-organismos), infiltra fraturas em calcário. O sistema carbonato se desloca para a direita, dissolvendo calcita e alargando as fraturas ao longo do tempo.";"geologia::m26::carbonato";"a04";"oa04"
"geologia-m26-fb045";"O que é um espeleotema, e como ele se forma?";"Uma estrutura mineral (como estalactites ou estalagmites) formada dentro de uma caverna. Se forma quando água rica em Ca²⁺ e HCO₃⁻ perde CO₂ para o ar, precipitando CaCO₃ novamente.";"geologia::m26::carbonato";"a04";"oa04"
"geologia-m26-fb046";"O que é produto de solubilidade (Kps)?";"Um número que descreve o quanto de um composto pouco solúvel consegue se dissolver em água antes de atingir o equilíbrio entre sólido e íons dissolvidos.";"geologia::m26::carbonato";"a04";"oa04"
"geologia-m26-fb047";"Por que, na caverna, a água perde CO₂ mesmo que não esteja sendo aquecida?";"Porque o ar na caverna tem menos CO₂ que o solo de onde a água veio. A água, buscando alcançar equilíbrio com esse ar mais pobre em CO₂, libera seu próprio CO₂.";"geologia::m26::carbonato";"a04";"oa04"
"geologia-m26-fb048";"O que é oxidação, em termos de elétrons?";"A perda de elétrons por um átomo, resultando num aumento do seu estado de oxidação (ficando mais positivo).";"geologia::m26::redox";"a05";"oa05"
"geologia-m26-fb049";"O que é redução, em termos de elétrons?";"O ganho de elétrons por um átomo, resultando numa diminuição do seu estado de oxidação (ficando mais negativo).";"geologia::m26::redox";"a05";"oa05"
"geologia-m26-fb050";"Por que oxidação e redução sempre acontecem juntas?";"Porque se um átomo perde um elétron (oxida), esse elétron deve ir para outro átomo (que se reduz). Uma sem a outra é impossível.";"geologia::m26::redox";"a05";"oa05"
"geologia-m26-fb051";"O que é uma reação de oxirredução (redox)?";"Uma reação em que oxidação e redução acontecem simultaneamente, com elétrons sendo transferidos de um átomo para outro.";"geologia::m26::redox";"a05";"oa05"
"geologia-m26-fb052";"O que é estado de oxidação (número de oxidação)?";"Um número que representa a carga que um átomo teria se todas as suas ligações fossem completamente iônicas — uma ferramenta de contabilidade de elétrons.";"geologia::m26::redox";"a05";"oa05"
"geologia-m26-fb053";"Qual é o estado de oxidação de um elemento puro e não combinado (como Fe⁰ ou O₂)?";"Zero.";"geologia::m26::redox";"a05";"oa05"
"geologia-m26-fb054";"Qual é o estado de oxidação do oxigênio na maioria dos compostos?";"−2 (negativo dois).";"geologia::m26::redox";"a05";"oa05"
"geologia-m26-fb055";"Qual é o estado de oxidação do hidrogênio na maioria dos compostos?";"+ 1 (positivo um).";"geologia::m26::redox";"a05";"oa05"
"geologia-m26-fb056";"Como se calcula o estado de oxidação do ferro na hematita (Fe₂O₃)?";"O oxigênio é −2, logo 3 oxigênios somam −6. Para a substância ser neutra (soma zero), os dois ferros precisam somar +6, cada um sendo +3.";"geologia::m26::redox";"a05";"oa05"
"geologia-m26-fb057";"O que é agente oxidante, e qual é o seu papel numa reação redox?";"A substância que provoca a oxidação de outra porque ela mesma se reduz — é quem 'rouba' os elétrons.";"geologia::m26::redox";"a05";"oa05"
"geologia-m26-fb058";"O que é agente redutor, e qual é o seu papel numa reação redox?";"A substância que provoca a redução de outra porque ela mesma se oxida — é quem 'doa' os elétrons.";"geologia::m26::redox";"a05";"oa05"
"geologia-m26-fb059";"Como se identifica o agente oxidante e o agente redutor numa reação redox?";"O agente oxidante é a substância que se reduz (seu estado de oxidação diminui). O agente redutor é a que se oxida (seu estado de oxidação aumenta).";"geologia::m26::redox";"a05";"oa05"
"geologia-m26-fb060";"O que é laterita, e em qual clima ela se forma?";"Um solo/rocha residual rico em óxidos e hidróxidos de ferro e alumínio, formado por intemperismo químico intenso em clima tropical úmido.";"geologia::m26::redox";"a05";"oa05"
"geologia-m26-fb061";"Por que a cor avermelhada de muitos solos tropicais está ligada ao ferro?";"Porque o ferro Fe²⁺ (presente em minerais profundos como olivina) é oxidado a Fe³⁺ na superfície, formando óxidos e hidróxidos de ferro que são avermelhados.";"geologia::m26::redox";"a05";"oa05"
"geologia-m26-fb062";"Na oxidação da pirita (FeS₂), qual é o agente oxidante?";"O oxigênio (O₂), que se reduz de 0 para −2.";"geologia::m26::redox";"a05";"oa05"
"geologia-m26-fb063";"Na oxidação da pirita (FeS₂), para qual estado de oxidação o enxofre é oxidado?";"Para +6, formando o íon sulfato (SO₄²⁻).";"geologia::m26::redox";"a05";"oa05"
"geologia-m26-fb064";"Na magnetita (Fe₃O₄), o ferro ocorre em que estados de oxidação, e em que proporção?";"Fe²⁺ e Fe³⁺ simultâneos, numa proporção de 1 Fe²⁺ para 2 Fe³⁺.";"geologia::m26::redox";"a05";"oa05"
"geologia-m26-fb065";"Por que a mistura de estados de oxidação Fe²⁺ e Fe³⁺ na magnetita é importante?";"Porque essa mistura específica, numa estrutura cristalina particular, é responsável pelo magnetismo característico do mineral.";"geologia::m26::redox";"a05";"oa05"
