"id";"texto";"tags";"aula";"objetivo"
"geologia-m26-fc001";"Uma {{c1::reação química}} é um processo em que substâncias se transformam em outras, quebrando e formando novas ligações.";"geologia::m26::reacao";"a01";"oa01"
"geologia-m26-fc002";"Numa equação química, os {{c1::reagentes}} ficam do lado esquerdo e os {{c2::produtos}} ficam do lado direito.";"geologia::m26::reacao";"a01";"oa01"
"geologia-m26-fc003";"O {{c1::coeficiente estequiométrico}} é o número na frente da fórmula que indica quantas unidades dessa substância participam.";"geologia::m26::reacao";"a01";"oa01"
"geologia-m26-fc004";"{{c1::Balancear}} uma equação significa ajustar os coeficientes até que o número de átomos de cada {{c2::elemento}} seja igual dos dois lados.";"geologia::m26::reacao";"a01";"oa01"
"geologia-m26-fc005";"A {{c1::lei da conservação da massa}} estabelece que nenhum {{c2::átomo}} é criado nem destruído numa reação química comum.";"geologia::m26::reacao";"a01";"oa01"
"geologia-m26-fc006";"O {{c1::intemperismo químico}} é a transformação de um mineral por ação da {{c2::água}}, ar ou ácidos na superfície da Terra.";"geologia::m26::reacao";"a01";"oa01"
"geologia-m26-fc007";"Quando o feldspato potássico sofre intemperismo químico, ele produz {{c1::caulinita}} (argila), {{c2::sílica}} dissolvida e {{c3::íons potássio}}.";"geologia::m26::reacao";"a01";"oa01"
"geologia-m26-fc008";"Na reação 4 Fe + 3 O₂ → 2 Fe₂O₃, há {{c1::4}} átomos de ferro de cada lado e {{c2::6}} átomos de oxigênio.";"geologia::m26::reacao";"a01";"oa01"
"geologia-m26-fc009";"Ao balancear uma equação, {{c1::hidrogênio}} e {{c2::oxigênio}} são deixados para o final porque costumam aparecer em múltiplas fórmulas.";"geologia::m26::reacao";"a01";"oa01"
"geologia-m26-fc010";"Um {{c1::mol}} é uma unidade de contagem que representa aproximadamente {{c2::6,02 × 10²³}} partículas.";"geologia::m26::mol";"a02";"oa02"
"geologia-m26-fc011";"A {{c1::massa molar}} de uma substância, em g/mol, é numericamente igual à {{c2::soma das massas atômicas}} de todos os átomos da fórmula.";"geologia::m26::mol";"a02";"oa02"
"geologia-m26-fc012";"A massa molar da pirita (FeS₂) é {{c1::120}} g/mol, porque Fe ≈ 56 e S ≈ {{c2::32}} cada.";"geologia::m26::mol";"a02";"oa02"
"geologia-m26-fc013";"Uma {{c1::proporção estequiométrica}} é a relação de quantos {{c2::mols}} de cada substância participam, dada pelos {{c3::coeficientes}} da equação.";"geologia::m26::mol";"a02";"oa02"
"geologia-m26-fc014";"O caminho padrão para converter massa de reagente em massa de produto é: {{c1::gramas → mols → (proporção) → mols → gramas}}.";"geologia::m26::mol";"a02";"oa02"
"geologia-m26-fc015";"O {{c1::reagente limitante}} é o que se esgota primeiro, determinando quanto {{c2::produto}} pode se formar.";"geologia::m26::mol";"a02";"oa02"
"geologia-m26-fc016";"Cobrir rejeitos de mina com água ou solo é uma estratégia porque torna o {{c1::oxigênio}} o {{c2::reagente limitante}} da oxidação da pirita.";"geologia::m26::mol";"a02";"oa02"
"geologia-m26-fc017";"Uma {{c1::solução}} é uma mistura {{c2::homogênea}} de uma {{c3::substância dissolvida}} em outra.";"geologia::m26::solucao";"a03";"oa03"
"geologia-m26-fc018";"Numa solução, a {{c1::soluto}} é a substância em {{c2::menor}} quantidade, e o {{c3::solvente}} é a em maior quantidade.";"geologia::m26::solucao";"a03";"oa03"
"geologia-m26-fc019";"A {{c1::molaridade}} é uma forma de concentração: quantos {{c2::mols}} de soluto em {{c3::1 litro}} de solução.";"geologia::m26::solucao";"a03";"oa03"
"geologia-m26-fc020";"{{c1::ppm}} significa 'partes por {{c2::milhão}}'; {{c3::ppb}} significa 'partes por {{c4::bilhão}}'.";"geologia::m26::solucao";"a03";"oa03"
"geologia-m26-fc021";"Para converter ppm em molaridade, usa-se a {{c1::massa molar}} do soluto como fator de conversão.";"geologia::m26::solucao";"a03";"oa03"
"geologia-m26-fc022";"O {{c1::pH}} é uma escala de {{c2::0 a 14}} que mede quanto {{c3::ácida ou básica}} é uma solução.";"geologia::m26::ph";"a03";"oa03"
"geologia-m26-fc023";"A fórmula do pH é {{c1::pH = −log₁₀[H⁺]}}, onde [H⁺] é a concentração em {{c2::mol/L}}.";"geologia::m26::ph";"a03";"oa03"
"geologia-m26-fc024";"A escala de pH é {{c1::logarítmica}}: cada unidade representa uma mudança de {{c2::10 vezes}} na concentração de H⁺.";"geologia::m26::ph";"a03";"oa03"
"geologia-m26-fc025";"Um pH = {{c1::7}} é {{c2::neutro}}, e é o pH da {{c3::água pura}}.";"geologia::m26::ph";"a03";"oa03"
"geologia-m26-fc026";"A água da chuva não poluída tem pH próximo de {{c1::5,6}} porque dissolve {{c2::CO₂}} atmosférico.";"geologia::m26::ph";"a03";"oa03"
"geologia-m26-fc027";"Uma {{c1::reação reversível}} é aquela que pode ocorrer nos {{c2::dois sentidos}}: reagentes → produtos e produtos → reagentes.";"geologia::m26::equilibrio";"a04";"oa04"
"geologia-m26-fc028";"O {{c1::equilíbrio químico}} é atingido quando as velocidades das reações {{c2::direta}} e {{c3::inversa}} se igualam.";"geologia::m26::equilibrio";"a04";"oa04"
"geologia-m26-fc029";"Num sistema em equilíbrio, a reação {{c1::não parou}}, mas as {{c2::concentrações}} observáveis ficam {{c3::congeladas}}.";"geologia::m26::equilibrio";"a04";"oa04"
"geologia-m26-fc030";"O {{c1::princípio de Le Chatelier}} diz que um equilíbrio se desloca para {{c2::reduzir}} o efeito de qualquer perturbação.";"geologia::m26::equilibrio";"a04";"oa04"
"geologia-m26-fc031";"Se você aumenta a concentração de um {{c1::reagente}}, o equilíbrio se desloca para a {{c2::direita}} para consumir o excesso.";"geologia::m26::equilibrio";"a04";"oa04"
"geologia-m26-fc032";"O {{c1::sistema carbonato}} liga {{c2::CO₂}}, água, {{c3::ácido carbônico}}, {{c4::bicarbonato}} e {{c5::carbonato}} num equilíbrio contínuo.";"geologia::m26::carbonato";"a04";"oa04"
"geologia-m26-fc033";"A {{c1::calcita}} (CaCO₃) é {{c2::pouco}} solúvel em água pura, mas se dissolve em presença de {{c3::H⁺}} suficiente.";"geologia::m26::carbonato";"a04";"oa04"
"geologia-m26-fc034";"As cavernas em rocha calcária se formam porque água rica em {{c1::CO₂}} (do solo) infiltra {{c2::fraturas}} e dissolve {{c3::calcita}} ano a ano.";"geologia::m26::carbonato";"a04";"oa04"
"geologia-m26-fc035";"Um {{c1::espeleotema}} é formado quando água rica em Ca²⁺ e HCO₃⁻ {{c2::perde CO₂}} e precipita {{c3::CaCO₃}} novamente.";"geologia::m26::carbonato";"a04";"oa04"
"geologia-m26-fc036";"Na caverna, a água perde CO₂ porque o {{c1::ar}} ali tem {{c2::menos CO₂}} que o solo de onde a água veio.";"geologia::m26::carbonato";"a04";"oa04"
"geologia-m26-fc037";"O {{c1::produto de solubilidade}} (Kps) descreve o quanto de um composto {{c2::pouco solúvel}} consegue se dissolver em equilíbrio.";"geologia::m26::carbonato";"a04";"oa04"
"geologia-m26-fc038";"A {{c1::oxidação}} é {{c2::perda}} de elétrons; a {{c1::redução}} é {{c2::ganho}} de elétrons.";"geologia::m26::redox";"a05";"oa05"
"geologia-m26-fc039";"A {{c1::oxirredução}} (ou redox) é uma reação em que {{c2::oxidação}} e {{c3::redução}} acontecem {{c4::simultaneamente}}.";"geologia::m26::redox";"a05";"oa05"
"geologia-m26-fc040";"Um {{c1::estado de oxidação}} é um número que representa a {{c2::carga}} que um átomo teria se todas as ligações fossem {{c3::iônicas}}.";"geologia::m26::redox";"a05";"oa05"
"geologia-m26-fc041";"Na hematita (Fe₂O₃), o oxigênio tem estado de oxidação {{c1::-2}}, então o ferro tem estado {{c2::+3}}.";"geologia::m26::redox";"a05";"oa05"
"geologia-m26-fc042";"Na magnetita (Fe₃O₄), o ferro ocorre em {{c1::dois}} estados de oxidação: {{c2::Fe²⁺}} e {{c3::Fe³⁺}}, numa proporção {{c4::1:2}}.";"geologia::m26::redox";"a05";"oa05"
"geologia-m26-fc043";"A {{c1::laterita}} é um solo rico em {{c2::óxidos}} e {{c3::hidróxidos}} de ferro e alumínio, formada por {{c4::intemperismo}} intenso em clima {{c5::tropical úmido}}.";"geologia::m26::redox";"a05";"oa05"
"geologia-m26-fc044";"Na oxidação da pirita (FeS₂), o {{c1::O₂}} é o {{c2::agente oxidante}} porque se {{c3::reduz}}, enquanto a pirita é o {{c4::agente redutor}} porque se {{c5::oxida}}.";"geologia::m26::redox";"a05";"oa05"
