"id";"texto";"extra";"tags";"objetivo";"aula";"dificuldade";"fonte"
"mineralogia-m08-fc001";"O raio iônico de um íon {{c1::cresce}} com o número de coordenação e {{c2::diminui}} com a carga.";"Na⁺: 0,99 Å em IV, 1,39 Å em XII.";"mineralogia::m08::raios";"mineralogia-m08-oa01";"mineralogia-m08-a01";"facil";"Shannon (1976)"
"mineralogia-m08-fc002";"A distância cátion–ânion prevista é {{c1::r(cátion) + r(ânion)}}, cada raio no seu próprio NC.";"";"mineralogia::m08::raios";"mineralogia-m08-oa01";"mineralogia-m08-a01";"facil";"Shannon (1976)"
"mineralogia-m08-fc003";"Limites da razão de raios: triângulo {{c1::0,155}}; tetraedro {{c2::0,225}}; octaedro {{c3::0,414}}.";"Cubo: 0,732.";"mineralogia::m08::razao";"mineralogia-m08-oa02";"mineralogia-m08-a02";"media";"Pauling (1929)"
"mineralogia-m08-fc004";"Uma razão de raios entre 0,732 e 1 prevê coordenação {{c1::8}}, num {{c2::cubo}}.";"";"mineralogia::m08::razao";"mineralogia-m08-oa02";"mineralogia-m08-a02";"facil";"Pauling (1929)"
"mineralogia-m08-fc005";"Num empacotamento compacto há, por esfera, {{c1::1}} interstício octaédrico e {{c2::2}} tetraédricos.";"";"mineralogia::m08::empacotamento";"mineralogia-m08-oa03";"mineralogia-m08-a03";"facil";"Klein & Dutrow"
"mineralogia-m08-fc006";"No espinélio, os O formam um empacotamento {{c1::cúbico compacto}}, com {{c2::1/8}} dos tetraédricos e {{c3::1/2}} dos octaédricos ocupados.";"";"mineralogia::m08::empacotamento";"mineralogia-m08-oa03";"mineralogia-m08-a03";"dificil";"Klein & Dutrow"
"mineralogia-m08-fc007";"A força de ligação do Si⁴⁺ em tetraedro é {{c1::1}}, exatamente {{c2::metade}} da carga do O²⁻.";"Por isso os tetraedros podem se polimerizar (estrutura mesodésmica).";"mineralogia::m08::pauling";"mineralogia-m08-oa04";"mineralogia-m08-a04";"media";"Klein & Dutrow"
"mineralogia-m08-fc008";"A força de ligação do S⁶⁺ em tetraedro é {{c1::3/2}}; o grupo SO₄ fica {{c2::isolado}}.";"Estrutura anisodésmica.";"mineralogia::m08::pauling";"mineralogia-m08-oa04";"mineralogia-m08-a04";"media";"Klein & Dutrow"
"mineralogia-m08-fc009";"O rutilo tem coordenação {{c1::6:3}}; a fluorita, {{c2::8:4}}; a halita, {{c3::6:6}}.";"";"mineralogia::m08::estruturas";"mineralogia-m08-oa05";"mineralogia-m08-a06";"media";"Klein & Dutrow"
"mineralogia-m08-fc010";"Fator de tolerância da perovskita: t = (r_A + r_O) / [{{c1::√2}} · (r_B + r_O)].";"CaTiO₃: t ≈ 0,97.";"mineralogia::m08::estruturas";"mineralogia-m08-oa05";"mineralogia-m08-a06";"dificil";"Goldschmidt (1926)"
