id;texto;extra;tags;objetivo;aula;dificuldade;fonte
lapidacao-m04-fc001;O {{c1::lap}} é o disco plano que gira na horizontal sobre a plataforma da facetadora.;;lapidacao::m04::a01 lapidacao::m04::oa01 lapidacao::tema::terminologia;Relacionar o material do lap à retenção de abrasivo, à agressividade e ao acabamento;a01;fácil;04-laps-abrasivos-e-dop-aula-01-o-lap-como-ferramenta
lapidacao-m04-fc002;Um lap {{c1::mole}} retém mais abrasivo cravado — um lap {{c1::duro}} deixa o grão rolar e escapar.;;lapidacao::m04::a01 lapidacao::m04::oa01 lapidacao::tema::mecanismo;Relacionar o material do lap à retenção de abrasivo, à agressividade e ao acabamento;a01;média;04-laps-abrasivos-e-dop-aula-01-o-lap-como-ferramenta
lapidacao-m04-fc003;Aço e ferro fundido têm dureza {{c1::4 a 4,5}} Mohs e servem ao {{c2::desbaste}} e ao lixamento médio.;;lapidacao::m04::a01 lapidacao::m04::oa01 lapidacao::tema::dados;Relacionar o material do lap à retenção de abrasivo, à agressividade e ao acabamento;a01;fácil;04-laps-abrasivos-e-dop-aula-01-o-lap-como-ferramenta
lapidacao-m04-fc004;O type metal é liga de chumbo, {{c1::antimônio}} e estanho, e o antimônio serve para {{c2::endurecer}} a liga.;;lapidacao::m04::a01 lapidacao::m04::oa01 lapidacao::tema::material;Relacionar o material do lap à retenção de abrasivo, à agressividade e ao acabamento;a01;média;04-laps-abrasivos-e-dop-aula-01-o-lap-como-ferramenta
lapidacao-m04-fc005;A faceta é a impressão {{c1::negativa}} do lap: um lap côncavo gera faceta {{c2::convexa}}.;;lapidacao::m04::a02 lapidacao::m04::oa02 lapidacao::tema::geometria;Explicar o que é um lap verdadeiro e prever os defeitos de um lap fora de geometria;a02;média;04-laps-abrasivos-e-dop-aula-02-geometria-e-manutencao-do-lap
lapidacao-m04-fc006;O dressing é um processo {{c1::subtrativo}}: rebaixa tudo o que está acima do ponto mais {{c2::baixo}} do lap.;;lapidacao::m04::a02 lapidacao::m04::oa02 lapidacao::tema::mecanismo;Explicar o que é um lap verdadeiro e prever os defeitos de um lap fora de geometria;a02;média;04-laps-abrasivos-e-dop-aula-02-geometria-e-manutencao-do-lap
lapidacao-m04-fc007;Um lap mole desenvolve {{c1::sulcos}}, ranhuras concêntricas onde o desgaste se concentra em faixas do raio.;;lapidacao::m04::a02 lapidacao::m04::oa02 lapidacao::tema::mecanismo;Explicar o que é um lap verdadeiro e prever os defeitos de um lap fora de geometria;a02;média;04-laps-abrasivos-e-dop-aula-02-geometria-e-manutencao-do-lap
lapidacao-m04-fc008;Contaminação de grão é uma partícula abrasiva mais {{c1::grossa}} num estágio fino, que só aparece no {{c2::polimento}}.;;lapidacao::m04::a03 lapidacao::m04::oa03 lapidacao::tema::mecanismo;Explicar o mecanismo da contaminação de grão e as práticas que a previnem;a03;média;04-laps-abrasivos-e-dop-aula-03-contaminacao-de-grao
lapidacao-m04-fc009;Grão de desbaste {{c1::200 a 300}} micrômetros — polimento fino {{c2::0,25 a 1}} micrômetro — partícula contaminante perigosa {{c3::10 a 30}} micrômetros.;;lapidacao::m04::a03 lapidacao::m04::oa03 lapidacao::tema::dados;Explicar o mecanismo da contaminação de grão e as práticas que a previnem;a03;média;04-laps-abrasivos-e-dop-aula-03-contaminacao-de-grao
lapidacao-m04-fc010;O diamante tem dureza Mohs {{c1::10}} e Knoop {{c2::7.000 a 8.000}}.;;lapidacao::m04::a04 lapidacao::m04::oa04 lapidacao::tema::dados;Escolher a família de abrasivo pela dureza da gema e pelo estágio do processo;a04;fácil;04-laps-abrasivos-e-dop-aula-04-tres-familias-de-abrasivo
lapidacao-m04-fc011;O carbeto de silício tem Mohs {{c1::9,5}} e Knoop {{c2::2.500}}, contra cerca de {{c3::2.000}} do coríndon.;;lapidacao::m04::a04 lapidacao::m04::oa04 lapidacao::tema::dados;Escolher a família de abrasivo pela dureza da gema e pelo estágio do processo;a04;média;04-laps-abrasivos-e-dop-aula-04-tres-familias-de-abrasivo
lapidacao-m04-fc012;Os óxidos não são abrasivos de {{c1::desbaste}}, e sim de {{c2::polimento}}.;;lapidacao::m04::a04 lapidacao::m04::oa04 lapidacao::tema::selecao;Escolher a família de abrasivo pela dureza da gema e pelo estágio do processo;a04;fácil;04-laps-abrasivos-e-dop-aula-04-tres-familias-de-abrasivo
lapidacao-m04-fc013;O óxido de cério (cerca de {{c1::6}} Mohs) pole o quartzo (dureza {{c2::7}}) por ação {{c3::químico-mecânica}}.;;lapidacao::m04::a05 lapidacao::m04::oa05 lapidacao::tema::mecanismo;Distinguir os polidores por óxido pela dureza, pelo mecanismo e pela clientela;a05;difícil;04-laps-abrasivos-e-dop-aula-05-polidores-por-oxido
lapidacao-m04-fc014;A alumina tem dureza {{c1::9}} Mohs e espectro largo para material duro: coríndon, granada e espinélio.;;lapidacao::m04::a05 lapidacao::m04::oa05 lapidacao::tema::dados;Distinguir os polidores por óxido pela dureza, pelo mecanismo e pela clientela;a05;fácil;04-laps-abrasivos-e-dop-aula-05-polidores-por-oxido
lapidacao-m04-fc015;O óxido de crômio (cerca de {{c1::8 a 8,5}} Mohs), com a {{c2::alumina}}, fica acima do quartzo, e é o polidor do {{c3::jade}}.;;lapidacao::m04::a05 lapidacao::m04::oa05 lapidacao::tema::dados;Distinguir os polidores por óxido pela dureza, pelo mecanismo e pela clientela;a05;média;04-laps-abrasivos-e-dop-aula-05-polidores-por-oxido
lapidacao-m04-fc016;A cera de dop amolece por volta de {{c1::45 a 80}} graus Celsius, e o intervalo vem da {{c2::formulação}}.;;lapidacao::m04::a06 lapidacao::m04::oa06 lapidacao::tema::dados;Comparar os sistemas de dop pelo risco térmico, pelo alinhamento e pela reversibilidade;a06;média;04-laps-abrasivos-e-dop-aula-06-sistemas-de-dop
lapidacao-m04-fc017;O dop {{c1::transmite a posição}} da pedra à máquina — o controle geométrico só vale com a pedra firme e {{c2::alinhada}}.;;lapidacao::m04::a06 lapidacao::m04::oa06 lapidacao::tema::terminologia;Comparar os sistemas de dop pelo risco térmico, pelo alinhamento e pela reversibilidade;a06;média;04-laps-abrasivos-e-dop-aula-06-sistemas-de-dop
