Defina bacia sedimentar em termos de subsidência.;Uma região da crosta terrestre que afunda em relação às áreas vizinhas ao longo de tempo geológico significativo, criando espaço de acomodação preenchido continuamente por sedimento.
Qual é a tríade conceitual que organiza a análise de bacias sedimentares?;Subsidência (cria o espaço), aporte sedimentar (preenche o espaço) e razão entre os dois, junto com variações do nível do mar e do clima.
Cite os quatro mecanismos físicos que produzem subsidência de bacias.;Estiramento litosférico, flexura por carga, carga sedimentar (efeito multiplicador isostático) e compactação.
O que descreve o modelo de McKenzie (1978) para bacias extensionais?;Duas fases: subsidência mecânica rápida durante o rifteamento (sin-rifte), seguida de subsidência térmica lenta e decrescente após o fim do rifteamento (pós-rifte), com constante de tempo da ordem de 60 milhões de anos.
Qual é a curva diagnóstica de subsidência térmica pós-rifte?;Forma em "taco de hóquei invertido": cai rapidamente na fase sin-rifte, depois continua caindo de forma decrescente e exponencial durante o pós-rifte.
Qual a diferença entre subsidência mecânica sin-rifte e subsidência térmica pós-rifte?;A mecânica é rápida (controlada por movimento de falhas normais durante o estiramento) e ocorre durante o rifteamento; a térmica é lenta (devido ao resfriamento da astenosfera anomalamente quente) e continua após o fim do rifteamento.
O que é o fator de estiramento β (beta) no modelo de McKenzie?;A razão entre a espessura litosférica original e a espessura final após o estiramento.
Como varia a subsidência mecânica inicial com o fator de estiramento β?;A subsidência é uma função crescente de β, mas não linear: a amplitude tende a um valor máximo assintótico conforme β aumenta.
O que é a flexura litosférica por carga?;O mecanismo pelo qual a litosfera, tratada como uma placa elástica, se curva para baixo sob o peso de uma carga (cadeia de montanhas, sedimento), criando uma depressão próxima à carga e um levantamento periférico discreto (*forebulge*) mais distante.
Cite três diferenças entre uma bacia extensional (rifte) e uma bacia de antepaís.;Extensional: subsidência controlada por falhas normais internas, espaço criado por estiramento regional, variação lateral abrupta de espessura. Antepaís: subsidência controlada por carga externa (cinturão de cavalgamento), espaço criado por flexura, espessura aumenta progressivamente em direção ao cinturão.
O que é o efeito multiplicador da carga sedimentar?;O peso do próprio sedimento que preenche a bacia produz subsidência isostática adicional, funcionando como um retroalimentador: uma bacia que teria 1.000 m de espaço por estiramento puro acumula 2.500 a 3.000 m de sedimento.
Qual é a unidade estrutural fundamental de uma bacia extensional sin-rifte?;O meio-graben (half-graben): bloco de crosta rotacionado por uma falha normal principal, com espessura sedimentar máxima junto à falha (depocentro, no bloco do teto) e mínima na borda oposta.
Nomeie os três elementos estruturais de um meio-graben.;Depocentro (junto à falha normal, máxima espessura), ombro do rifte (bloco do muro soerguido, formando um alto estrutural) e borda flexural (rampa de mergulho suave do bloco do teto, na margem oposta, com *onlap*).
O que distingue a borda flexural do ombro do rifte?;A borda flexural é a rampa suave do bloco do teto (lado oposto da falha, com onlap); o ombro do rifte é o bloco do muro soerguido (lado onde está a falha normal principal). São as duas margens opostas do meio-graben, não a mesma coisa.
O que é a discordância de ruptura (*break-up unconformity*)?;A superfície estratigráfica que marca a transição entre rifte continental e margem passiva, registrando o momento em que a separação continental se completa e a margem deixa de ser tectonicamente ativa.
Como se diferenciam as fácies acima e abaixo da discordância de ruptura?;Abaixo: sucessão sin-rifte com espessuras muito variáveis lateralmente, controladas por falhas ativas. Acima: sucessão pós-rifte com camadas muito mais uniformes em espessura, discordantes sobre a topografia irregular do rifte.
Qual é a sequência típica de ambientes deposicionais numa fase sin-rifte?;Fluvial e leques aluviais (inicial) → lagos profundos estratificados (intermediária, com folhelhos ricos em matéria orgânica) → evaporitos (tardia, se há ruptura continental em clima árido).
O que é herança estrutural do embasamento num contexto de rifteamento?;A reativação preferencial de planos de fraqueza pré-existentes (zonas de sutura, foliações metamórficas, falhas antigas) que orienta os segmentos de falha do rifte novo.
Cite um exemplo de rifteamento controlado por herança do embasamento.;O Rifte do Leste Africano, onde os segmentos de falha do rifte cenozoico refletem a trama estrutural do embasamento pré-cambriano.
O que é uma zona de acomodação (ou transferência) num sistema de riftes?;Faixa onde o deslocamento de uma falha principal diminui e é transferido para a falha vizinha, conectando meio-grabens de polaridade alternada.
Defina *wedge-top* no contexto de uma bacia de antepaís.;A zona deposicional onde o sedimento se acumula sobre a frente do cinturão de cavalgamento em avanço, sendo subsequentemente dobrado e cavalgado (inclui bacias de *piggyback*).
O que é o *foredeep* de uma bacia de antepaís?;A calha profunda entre a frente estrutural do cinturão e o flanco proximal do *forebulge*, ainda não incorporada à deformação, que recebe o maior aporte sedimentar.
Descreva o *forebulge* de uma bacia de antepaís.;Elevação flexural discreta de baixa amplitude (dezenas a poucas centenas de metros) e largura (dezenas a mais de cem km), situada entre o *foredeep* e o *back-bulge*, frequentemente uma zona de não deposição ou erosão.
O que é o *back-bulge* numa bacia de antepaís?;Depressão rasa e distal, do lado oposto do *forebulge* em relação ao cinturão, presente em muitos sistemas de antepaís, com espessuras sedimentares modestas.
Por que o antepaís não deformado NÃO é uma das quatro zonas de DeCelles & Giles (1996)?;Porque o antepaís não deformado fica fora do sistema de influência flexural mensurável; serve como referência estável contra a qual a flexão é medida, mas não é uma zona deposicional do sistema.
Nomeie exatamente os quatro compartimentos (zonas deposicionais) de um sistema de bacia de antepaís.;*Wedge-top*, *foredeep*, *forebulge*, *back-bulge*.
Qual é o padrão estratigráfico de uma bacia de antepaís conforme o cinturão de cavalgamento avança?;Eixo horizontal: sequências ficam progressivamente mais jovens na direção do antepaís (porque a calha chega mais tarde a cada ponto). Eixo vertical: num mesmo ponto, as sucessões mostram granocrescência ascendente (de distal a proximal).
Diferencie antepaís de retroarco de antepaís periférico.;Retroarco: forma-se no lado continental de uma zona de subducção ativa, atrás de um arco magmático (ex.: Andes). Periférico: forma-se durante colisão continente-continente, sem subducção oceânica ativa sob o antepaís (ex.: Himalaia/Ganges, Alpes/Pó).
Qual é o antepaís de retroarco andino no Brasil?;A Bacia do Acre (antepaís amazônico ocidental), instalada a partir do Neógeno com o avanço da orogenia andina. A Bacia do Amazonas é intracratônica paleozoica e não integra o sistema.
O que é uma bacia pull-apart?;Pequena bacia extensional local que se forma num *step-over* liberador entre segmentos de falha transcorrente escalonados, com forma losangular e concentração de extensão numa faixa estreita.
Qual é a forma e a razão de aspecto típicas de uma bacia pull-apart?;Forma losangular ou paralelogramo, alongada paralelamente à zona de falha, com razão comprimento/largura tipicamente entre 3 e 4.
Cite dois exemplos clássicos de bacias pull-apart altamente estudadas.;Bacia do Mar Morto (no Dead Sea Transform, cerca de 150 km de comprimento) e Depressão de Salton (*Salton Trough*, no sistema de San Andreas).
Qual é o mecanismo de subsidência numa bacia pull-apart?;"Extensão concentrada e localizada controlada pela cinemática exata de dois segmentos de falha (não dirigida por resfriamento térmico regional, nem por flexura de carga distante)."
O que é uma falha de crescimento (*growth fault*)?;Falha normal que está ativa durante a deposição, de tal forma que o movimento da falha e a sedimentação ocorrem simultaneamente e se retroalimentam, produzindo espessamento de camadas no bloco do teto.
Defina espessamento de crescimento (expansion index) numa falha de crescimento.;A razão entre a espessura de um intervalo de tempo no bloco do teto e a espessura equivalente no bloco do muro de uma falha de crescimento.
O que é arrasto reverso (*reverse drag*) numa falha de crescimento?;A rotação passiva das camadas do bloco do teto que rodam de volta em direção ao plano de falha, com o mergulho aumentando quanto mais perto a gente fica da falha — o oposto do arrasto normal.
Defina rollover anticlinal.;Dobra formada no bloco do teto de uma falha de crescimento, onde as camadas rodam de volta em direção ao plano de falha e mergulham mais steeply conforme se aproximam dele. É uma estrutura de colapso extensional, não compressiva.
Por que o *rollover* é uma armadilha potencial importante para petróleo?;Porque a dobra extensional e a curvatura côncava para cima do plano de falha criam uma geometria que pode concentrar óleo, especialmente em margens deltaicas progradantes (ex.: delta do Mississippi, delta do Níger).
O sal comporta-se como uma rocha normal sob soterramento geológico?;Não: o sal flui como um fluido viscoso em escala geológica (fluxo dúctil em estado sólido) ao longo de milhões de anos, migrando de áreas de maior pressão para áreas de menor pressão.
Qual é o motor primário do diapirismo de sal?;O carregamento diferencial (gradiente de pressão imposto por cobertura de espessura desigual), com frequência assistido por extensão da cobertura que afina o teto. A flutuabilidade contribui mas não é, sozinha, o motor.
Defina diápiro de sal.;Corpo de sal que sobe, frequentemente atravessando verticalmente toda a sucessão sedimentar sobrejacente, dirigido por carregamento diferencial e flutuabilidade.
O que é uma minibacia num contexto de sal?;Depressão que se forma na cobertura sedimentar exatamente onde o sal foi evacuado por baixo, subsidindo passivamente à medida que o sal migra para longe, sem qualquer falha convencional limitante.
Diferencie *raft* de minibacia.;*Raft*: bloco alóctone da cobertura que, sob extensão pelicular extrema, desliza e perde contato com os vizinhos, separado por grabens sindeposicionais. Minibacia: depressão onde o sal foi evacuado, sem separação de blocos.
O que é uma soldadura de sal?;Superfície onde o sal foi completamente evacuado, colocando em contato direto camadas que antes estavam separadas pela camada de sal.
Qual é o papel do sal como nível de descolamento numa bacia salífera?;O sal funciona como uma superfície de baixa resistência ao cisalhamento, desacoplando a deformação estrutural da cobertura sedimentar acima dela (supra-sal) da deformação do embasamento e da sequência abaixo dela (infra-sal).
Cite um efeito prático do desacoplamento supra-sal/infra-sal em margens salíferas.;Uma zona pode estar em extensão logo acima do sal enquanto a zona correspondente, mais adiante na direção do mergulho regional, está em compressão — ambas dirigidas pela mesma camada de sal móvel entre elas.
Defina inversão de bacia.;Reativação de estruturas extensionais pré-existentes (falhas normais de um rifte ou margem passiva) sob regime de tensão posterior predominantemente compressivo, revertendo o sentido de movimento da falha.
Qual é a diferença entre inversão positiva e inversão negativa?;Inversão positiva: reativação de falhas normais sob regime compressivo (soerguimento de uma bacia antes subsidente). Inversão negativa: reativação extensional de falhas inversas ou cavalgamentos pré-existentes (mais rara).
O que é um anticlinal de inversão?;Dobra que afeta preferencialmente a sucessão sin-rifte mais antiga (mais deformada) e atenua progressivamente para cima na sucessão pós-rifte mais jovem (menos deformada).
Qual é a assinatura geométrica diagnóstica de inversão numa seção sísmica?;Atenuação vertical da deformação: a sucessão sin-rifte é mais fortemente dobrada, enquanto a sucessão pós-rifte é progressivamente menos afetada.
Como a inversão de bacia afeta a maturação da rocha geradora?;Inversão REDUZ a sobrecarga: o soerguimento e a erosão resfriam a geradora e tendem a INTERROMPER a maturação — ela não a aprofunda nem a amadurece.
Qual é o parâmetro de risco mais sensível em bacias invertidas?;O sincronismo temporal entre inversão, geração de hidrocarbonetos e formação da armadilha — a geração precisa ter ocorrido antes da inversão, e a armadilha não pode ser destruída pelo fraturamento do selo.
Cite um conjunto de exemplos clássicos de bacias invertidas com campos de petróleo.;As bacias mesozoicas do noroeste da Europa invertidas durante a convergência alpina: Sole Pit, estruturas do Mar do Norte meridional, Broad Fourteens, Wessex-Weald.
Qual é a causa mais citada de inversão de bacia em escala de placas?;"A colisão continental que encerra um ciclo de Wilson: uma margem passiva, formada por rifteamento, é comprimida e soerguida quando a bacia oceânica que ela margeava se fecha por subducção e as duas margens colidem."
Defina sistema petrolífero.;Conjunto de rocha geradora (rica em matéria orgânica, termicamente madura), reservatório (rocha porosa e permeável), selo (rocha impermeável) e armadilha (configuração geométrica que concentra o fluido), com sincronismo temporal entre geração e formação da armadilha.
Qual rocha geradora é típica em bacias extensionais (rifte)?;Folhelho lacustre sin-rifte, rico em matéria orgânica, depositado em lagos profundos estratificados anóxicos.
Qual rocha geradora é típica em bacias compressivas de antepaís?;Folhelhos marinhos distais da bacia de antepaís, ou geradoras herdadas do embasamento pré-antepaís.
Qual é o reservatório típico em bacias extensionais?;Arenitos fluviais e deltaicos sin-rifte; carbonatos de plataforma pós-rifte.
Qual é o reservatório típico em bacias de antepaís?;Arenitos de sistemas fluviais e deltaicos proximais; turbiditos do *foredeep*.
Qual é a armadilha típica em bacias extensionais?;Blocos falhados (meio-graben) e estruturas associadas a sal (diápiros, anticlinas contra diápiro).
Qual é a armadilha típica em bacias de antepaís?;Dobras e cavalgamentos do cinturão de cavalgamento adjacente e da porção *wedge-top*.
Qual é a armadilha típica em bacias transcorrentes (pull-apart)?;Estruturas em flor (positivas ou negativas) e armadilhas contra falha.
Qual é a armadilha típica em bacias invertidas?;Anticlinais de inversão — frequentemente a armadilha de maior qualidade do conjunto, quando o sincronismo é favorável.
Como o regime tectônico de uma bacia influencia a exploração de petróleo?;"O regime tectônico não é um detalhe de contexto — é a variável organizadora que determina, antes de qualquer poço ser perfurado, que tipos de rocha geradora, reservatório e armadilha são geologicamente plausíveis numa bacia."
Por que a tectônica de sal é considerada um modificador transversal e não um quinto regime tectônico?;Porque o sal se sobrepõe a qualquer regime de base (mais comumente o extensional) e desacopla a arquitetura estrutural acima e abaixo dele, mas a classificação fundamental da bacia continua sendo dada pelo regime que gerou a subsidência primária.
