Uma bacia sedimentar é definida pela {{c1::subsidência sustentada}} da litosfera ao longo de tempo geológico, criando {{c2::espaço de acomodação}} preenchido continuamente por sedimento.;geologia-avancado-m10-fc001
Os quatro mecanismos de subsidência são: {{c1::estiramento litosférico}}, {{c2::flexura por carga}}, {{c3::carga sedimentar}} (efeito multiplicador) e {{c4::compactação}}.;geologia-avancado-m10-fc002
No modelo de McKenzie (1978), a subsidência mecânica sin-rifte é {{c1::rápida}} (controlada por {{c2::falhas normais}}), enquanto a subsidência térmica pós-rifte é {{c3::lenta}} e {{c4::decrescente exponencialmente}}.;geologia-avancado-m10-fc003
A curva de subsidência pós-rifte tem forma de {{c1::"taco de hóquei invertido"}}, caindo rapidamente na fase {{c2::sin-rifte}} e depois continuando mais {{c3::lentamente}} durante o resfriamento da astenosfera.;geologia-avancado-m10-fc004
A constante de tempo da subsidência térmica em McKenzie (1978) é da ordem de {{c1::60 milhões de anos}}.;geologia-avancado-m10-fc005
A subsidência produzida pelo estiramento litosférico é uma função {{c1::crescente}} do fator de estiramento β, mas {{c2::não linear}}: a amplitude tende a um valor {{c3::máximo assintótico}}.;geologia-avancado-m10-fc006
A flexura litosférica por carga trata a litosfera como uma {{c1::placa elástica}}, que se curva para baixo sob o peso de uma carga e produz um levantamento periférico chamado de {{c2::forebulge}}.;geologia-avancado-m10-fc007
O efeito multiplicador da carga sedimentar significa que uma bacia criada por estiramento puro com 1.000 m de espaço acumula tipicamente {{c1::2.500 a 3.000 m}} de sedimento.;geologia-avancado-m10-fc008
A unidade estrutural fundamental de uma bacia extensional sin-rifte é o {{c1::meio-graben}} (half-graben): bloco rotacionado por uma {{c2::falha normal}} com espessura máxima no {{c3::depocentro}}.;geologia-avancado-m10-fc009
Num meio-graben, o {{c1::depocentro}} fica junto à falha no bloco do {{c2::teto}}, enquanto o {{c3::ombro do rifte}} (alto estrutural) fica no bloco do {{c4::muro}} que é {{c5::soerguido}}.; geologia-avancado-m10-fc010
A {{c1::borda flexural}} é a rampa suave do bloco do {{c2::teto}}, na margem {{c3::oposta}} à falha principal, com terminação de {{c4::onlap}}; não deve ser confundida com o {{c5::ombro do rifte}}.;geologia-avancado-m10-fc011
A {{c1::discordância de ruptura}} ({{c2::break-up unconformity}}) marca a transição entre {{c3::rifte continental}} e {{c4::margem passiva}}, registrando quando a separação continental se completa.;geologia-avancado-m10-fc012
Abaixo da discordância de ruptura está a sucessão {{c1::sin-rifte}}, com espessuras {{c2::muito variáveis}} lateralmente; acima, a sucessão {{c3::pós-rifte}}, com camadas {{c4::muito mais uniformes}} em espessura.;geologia-avancado-m10-fc013
A sequência típica de ambientes deposicionais num rifte evolui de {{c1::fluvial e leques aluviais}} para {{c2::lagos profundos}} (gerando folhelhos ricos em matéria orgânica) até {{c3::evaporitos}} (em riftes avançados em clima árido).;geologia-avancado-m10-fc014
A {{c1::herança estrutural do embasamento}} num contexto de rifteamento refere-se à reativação de {{c2::planos de fraqueza pré-existentes}} (zonas de sutura, foliações, falhas antigas) que orientam os segmentos de falha do rifte novo.;geologia-avancado-m10-fc015
Uma {{c1::zona de acomodação}} (ou transferência) num sistema de riftes é a faixa onde {{c2::o deslocamento de uma falha diminui}} e {{c3::é transferido}} para a falha vizinha.;geologia-avancado-m10-fc016
Os quatro compartimentos (zonas deposicionais) de um sistema de bacia de antepaís, segundo DeCelles & Giles (1996), são: {{c1::wedge-top}}, {{c2::foredeep}}, {{c3::forebulge}} e {{c4::back-bulge}}.;geologia-avancado-m10-fc017
O {{c1::antepaís não deformado}} fica {{c2::fora}} do sistema de flexura de uma bacia de antepaís e serve como {{c3::referência estável}}; não é {{c4::uma das quatro zonas}} de DeCelles & Giles.;geologia-avancado-m10-fc018
O {{c1::forebulge}} é uma elevação flexural {{c2::discreta}} de {{c3::baixa amplitude}} (dezenas a poucas centenas de metros) e {{c4::largura}} (dezenas a mais de cem km), frequentemente uma zona de {{c5::não deposição ou erosão}}.;geologia-avancado-m10-fc019
Numa bacia de antepaís, ao longo do eixo {{c1::horizontal}} (paralelo ao perfil), as sequências ficam {{c2::progressivamente mais jovens}} na direção do antepaís.;geologia-avancado-m10-fc020
Numa bacia de antepaís, ao longo do eixo {{c1::vertical}} (num único ponto), a sucessão registra {{c2::granocrescência ascendente}}, passando de {{c3::back-bulge}} para {{c4::forebulge}}, {{c5::foredeep}} e {{c6::wedge-top}}.;geologia-avancado-m10-fc021
{{c1::Antepaís de retroarco}} forma-se no lado {{c2::continental}} de uma {{c3::zona de subducção ativa}}, atrás de um {{c4::arco magmático}}; exemplo: sistema andino (ex.: Bacia do Acre no Brasil).;geologia-avancado-m10-fc022
{{c1::Antepaís periférico}} forma-se durante {{c2::colisão continente-continente}}, {{c3::sem}} subducção oceânica ativa sob o antepaís; exemplos: Bacia do Pó (Alpes-Apeninos) e Bacia do Ganges (Himalaia).;geologia-avancado-m10-fc023
Uma {{c1::bacia pull-apart}} forma-se num {{c2::step-over liberador}} entre segmentos de {{c3::falha transcorrente}} escalonados, com forma {{c4::losangular}} e razão comprimento/largura de tipicamente {{c5::3 a 4}}.;geologia-avancado-m10-fc024
As bacias pull-apart mais estudadas são a {{c1::Bacia do Mar Morto}} ({{c2::~150 km}} de comprimento) e a {{c3::Depressão de Salton}} (no sistema de {{c4::San Andreas}}).;geologia-avancado-m10-fc025
Uma {{c1::falha de crescimento}} é uma falha {{c2::normal}} que ativa {{c3::durante}} a deposição, produzindo {{c4::espessamento sistemático}} das camadas no {{c5::bloco do teto}}.;geologia-avancado-m10-fc026
O {{c1::arrasto reverso}} ({{c2::reverse drag}}) numa falha de crescimento faz as camadas rodar {{c3::de volta em direção}} ao plano de falha, com o mergulho {{c4::aumentando}} conforme se aproximam dela.;geologia-avancado-m10-fc027
Um {{c1::rollover anticlinal}} é uma dobra {{c2::extensional}} formada no bloco do teto, onde as camadas mergulham {{c3::para}} a falha — a assinatura do arrasto {{c4::reverso}}.;geologia-avancado-m10-fc028
O {{c1::sal}} flui como um {{c2::fluido viscoso}} em escala geológica ({{c3::fluxo dúctil}}) sob soterramento moderado, migrando de áreas de {{c4::maior pressão}} para {{c5::menor pressão}}.;geologia-avancado-m10-fc029
O motor primário do diapirismo de sal é o {{c1::carregamento diferencial}} (gradiente de pressão imposto por cobertura de espessura desigual), frequentemente assistido por {{c2::extensão}} da cobertura.;geologia-avancado-m10-fc030
Um {{c1::diápiro}} de sal é um corpo que {{c2::sobe}}, frequentemente atravessando {{c3::verticalmente}} toda a sucessão sedimentar sobrejacente.;geologia-avancado-m10-fc031
Uma {{c1::minibacia}} forma-se exatamente onde o sal foi {{c2::evacuado}} por baixo, {{c3::subsidindo passivamente}} conforme o sal migra para longe, sem qualquer {{c4::falha convencional}} limitante.;geologia-avancado-m10-fc032
Um {{c1::raft}} é um {{c2::bloco alóctone}} da cobertura que, sob {{c3::extensão pelicular extrema}}, desliza e {{c4::perde contato}} com os vizinhos — {{c5::não}} é uma minibacia.;geologia-avancado-m10-fc033
Uma {{c1::soldadura de sal}} é uma superfície onde o sal foi {{c2::completamente evacuado}}, colocando em contato direto {{c3::camadas}} que antes estavam separadas pela camada de sal.;geologia-avancado-m10-fc034
O sal funciona como {{c1::nível de descolamento}} ({{c2::décollement}}), {{c3::desacoplando}} a deformação {{c4::supra-sal}} da deformação {{c5::infra-sal}}.;geologia-avancado-m10-fc035
{{c1::Inversão de bacia}} é a reativação de {{c2::estruturas extensionais}} pré-existentes ({{c3::falhas normais}}) sob regime {{c4::compressivo}} posterior, revertendo o sentido de movimento.;geologia-avancado-m10-fc036
A assinatura diagnóstica de inversão numa seção sísmica é a {{c1::atenuação vertical}} da deformação: sucessão {{c2::sin-rifte}} é {{c3::fortemente}} dobrada, enquanto sucessão {{c4::pós-rifte}} é {{c5::progressivamente menos}} afetada.;geologia-avancado-m10-fc037
A inversão de bacia {{c1::REDUZ}} a sobrecarga: o soerguimento e a erosão {{c2::resfriam}} a rocha geradora, tendendo a {{c3::INTERROMPER}} (não aumentar) a maturação.;geologia-avancado-m10-fc038
Um {{c1::anticlinal de inversão}} é uma dobra que afeta preferencialmente a sucessão {{c2::sin-rifte}} (mais {{c3::deformada}}) e atenua progressivamente para cima na sucessão {{c4::pós-rifte}} (menos {{c5::deformada}}).;geologia-avancado-m10-fc039
O parâmetro de risco mais sensível em bacias invertidas é o {{c1::sincronismo temporal}} entre {{c2::inversão}}, {{c3::geração}} de hidrocarbonetos e {{c4::formação}} da armadilha.;geologia-avancado-m10-fc040
Um {{c1::sistema petrolífero}} exige, no mínimo, rocha {{c2::geradora}} (madura), {{c3::reservatório}} (poroso e permeável), {{c4::selo}} (impermeável) e {{c5::armadilha}}, com sincronismo temporal.;geologia-avancado-m10-fc041
A rocha geradora típica em bacias extensionais é {{c1::folhelho lacustre}} {{c2::sin-rifte}}, depositado em {{c3::lagos profundos}} estratificados {{c4::anóxicos}}, rico em matéria orgânica.;geologia-avancado-m10-fc042
Em bacias extensionais, o reservatório típico é {{c1::arenito}} {{c2::fluvial/deltaico}} sin-rifte, ou {{c3::carbonatos}} de {{c4::plataforma}} pós-rifte.;geologia-avancado-m10-fc043
Em bacias de antepaís, o reservatório típico é {{c1::arenito}} de sistemas {{c2::fluviais/deltaicos}} proximais, ou {{c3::turbiditos}} do {{c4::foredeep}}.;geologia-avancado-m10-fc044
A armadilha típica em bacias extensionais é {{c1::blocos falhados}} ({{c2::meio-graben}}) e estruturas {{c3::associadas}} a {{c4::sal}}.;geologia-avancado-m10-fc045
A armadilha típica em bacias de antepaís é {{c1::dobras}} e {{c2::cavalgamentos}} do cinturão adjacente e {{c3::porção}} {{c4::wedge-top}}.;geologia-avancado-m10-fc046
A armadilha típica em bacias transcorrentes é {{c1::estrutura}} em {{c2::flor}} (positiva ou negativa) e armadilhas {{c3::contra}} {{c4::falha}}.;geologia-avancado-m10-fc047
A armadilha típica em bacias invertidas é {{c1::anticlinal}} de {{c2::inversão}} — frequentemente a {{c3::maior qualidade}} do conjunto quando o sincronismo é {{c4::favorável}}.;geologia-avancado-m10-fc048
O {{c1::regime tectônico}} de uma bacia é a variável {{c2::organizadora}} que determina que tipos de {{c3::geradora}}, {{c4::reservatório}} e {{c5::armadilha}} são geologicamente plausíveis.;geologia-avancado-m10-fc049
A tectônica de sal é considerada um {{c1::modificador transversal}} e não um {{c2::quinto regime}}, porque {{c3::se sobrepõe}} a qualquer regime de base (mais comumente {{c4::extensional}}) e desacopla a arquitetura {{c5::acima}} e {{c6::abaixo}}.;geologia-avancado-m10-fc050
