O que é geotecnia ambiental?;Aplicação da geotecnia à contenção, isolamento e remediação de material poluente, com desempenho avaliado em décadas a séculos.
Qual é o alvo de condutividade hidráulica para uma barreira de argila compactada (CCL) ou geocomposto bentonítico (GCL)?;K ≤ 1×10⁻⁹ m/s (equivalente a 1×10⁻⁷ cm/s nos regulamentos USEPA).
Qual é a razão física por trás do alvo K ≤ 1×10⁻⁹ m/s?;Para espessuras usuais, abaixo desse valor o tempo de trânsito advectivo fica da ordem de décadas, dando tempo à atenuação e ao monitoramento.
Por que se compacta um solo argiloso de liner no ramo úmido da curva de Proctor?;Para produzir estrutura dispersa, que reduz K uma a duas ordens de grandeza em relação ao ramo seco; aceita-se menor resistência em troca de estanqueidade.
Qual é o ponto de mínimo K na curva de Proctor?;Ocorre no ramo úmido, não coincidindo com a umidade que produz densidade seca máxima.
Qual norma ASTM governa a compatibilidade química de um geocomposto bentonítico (GCL)?;ASTM D6766 (Standard Test Method for Evaluation of Hydraulic Properties of Geosynthetic Clay Liners).
Qual norma ASTM governa a compatibilidade química de uma camada de argila compactada (CCL)?;ASTM D5084 (Standard Test Methods for Measurement of Hydraulic Conductivity — permeâmetro de parede flexível).
Por que o projeto de barreira exige ensaio de compatibilidade com o lixiviado da obra, não com água destilada?;O lixiviado real (fluidos de baixa constante dielétrica, cátions de valência alta) pode comprimir a dupla camada difusa da argila, floculá-la e elevar K em uma a três ordens de grandeza.
Qual é a sequência de formas da erosão hídrica em ordem de energia crescente?;Laminar → sulcos → ravinas → voçorocas.
O que muda no comportamento de uma voçoroca quando ela atinge o lençol freático?;Passa a evoluir por erosão interna e solapamento comandados pelo fluxo de água subterrânea, podendo crescer sem chuva.
O que são solos dispersivos?;Argilas com alta proporção de sódio trocável (PST/SAR) que se defloculam espontaneamente em contato com água de baixa salinidade, sem necessidade de velocidade de fluxo.
Qual ensaio identifica solos dispersivos?;Pinhole test, crumb test, dupla hidrometria e análise química do extrato de saturação (ensaios de Atterberg e granulometria convencionais não detectam).
O piping é uma forma comum ou rara de ruptura de barragens de terra?;Uma das duas causas dominantes, ao lado do galgamento, com participação comparável nos levantamentos de acidentes.
O que a Equação Universal de Perda de Solo (USLE) estima?;A perda média anual de solo em vertente, como função do produto A = R·K·LS·C·P.
Qual é o fator da USLE mais importante para intervenção (redução)?;C (uso e manejo da cobertura), seguido por P (práticas conservacionistas); R e LS são dados do sítio.
O que muda na classificação de Varnes na atualização de Hungr, Leroueil & Picarelli (2014)?;Detalhou os tipos em 32 classes e abandonou a classe "complexo", recomendando descrever a sequência de movimentos observada.
O que é retroanálise de um escorregamento?;Inverte o cálculo: dado um escorregamento que ocorreu (FS = 1), resolve-se para os parâmetros de resistência mobilizados (c', φ').
Por que a retroanálise fixa um dos parâmetros (em geral φ') ao invés de deixar os dois livres?;Há uma equação de equilíbrio e dois incógnitos; fixar um permite resolver para o outro de forma única.
Qual é a diferença entre "resíduo" e "rejeito" no vocabulário da Lei 12.305/2010 (PNRS)?;Rejeito é o remanescente após esgotadas as alternativas de reaproveitamento e tratamento; resíduo é a categoria geral.
Como a Lei 12.305/2010 classifica a hierarquia de gestão de resíduos?;Não geração → redução → reutilização → reciclagem → tratamento → disposição final ambientalmente adequada.
Qual classe da NBR 10004 se aplica a resíduo sólido urbano (RSU)?;Classe II A (não inerte, biodegradável, combustível, solúvel).
A que se refere o prazo de "2 de agosto de 2024" na legislação de resíduos sólidos?;Prazo final para erradicação de lixões em municípios com menos de 50 mil habitantes (art. 11 da Lei 14.026/2020, que alterou o art. 54 da Lei 12.305/2010).
Qual é a base legal da restrição de distância a aeródromos em aterros de RSU?;Lei 12.725/2012 (Área de Segurança Aeroportuária), não a NBR 13896 — é segurança aérea, pois RSU atrai aves.
Qual é a diferença entre o lixiviado da fase acidogênica e o da fase metanogênica?;Acidogênica: pH baixo, alta DBO/DQO, ácidos orgânicos voláteis, metais. Metanogênica: pH neutro, DQO menor mas recalcitrante, amônia alta e persistente.
Qual constituinte do lixiviado costuma governar o alcance de longo prazo da pluma?;Amônia, porque quase não se degrada em ambiente anaeróbio.
Por que o rejeito arenoso fofo saturado é "o material mais perigoso da geotecnia"?;Quando cisalhado sem drenagem, tende a contrair, gera excesso de poropressão, perde resistência abruptamente e pode liquefazer-se.
Qual é a diferença entre lama e rejeito arenoso em uma estrutura de disposição?;Rejeito arenoso drena e adensa rápido; lama retém água, adensa muito lentamente e permanece fofa por décadas.
Qual método de alteamento de barragem de rejeito é mais barato, e por quê?;Montante; cada novo alteamento se apoia parcialmente sobre a praia do ciclo anterior, economizando material.
Qual é o método de alteamento mais seguro?;Jusante; cada alteamento é lançado sobre fundação preparada e material compactado.
Qual é a ordem de tecnologias de rejeito do ponto de vista de desaguamento?;Espessado (menos desaguado) → pasta → filtrado/dry stack (mais desaguado e compactado).
O que é "liquefação estática"?;Perda súbita de resistência de solo granular fofo saturado quando o cisalhamento não drenado leva a poropressão a subir sem necessidade de sismo.
Qual foi o mecanismo identificado pelos painéis técnicos de Fundão (2015) e Feijão I (2019)?;Liquefação estática deflagrada por alteamento rápido (sem adensamento do rejeito) ou perda de confinamento lateral.
Qual é a diferença entre "restauração" e "recuperação" de uma área degradada?;Restauração é retorno à condição ecológica pré-degradação; recuperação é estabilidade e uso produtivo (meta do PRAD).
Qual é a manutenção contínua de um sistema de bombeamento e tratamento (pump & treat)?;Sofre tailing (estabilização da concentração do efluente) e rebound (retorno quando as bombas param) por fonte residual e difusão reversa.
Por que a barragem reativa permeável funciona melhor para solventes clorados do que para metais?;Os solventes são degradados por redução (ferro zero-valente); metais não são volatilizados nem oxidados a formas inócuas.
Qual ensaio obriga a aceitar resíduos como material geotécnico em obra?;Ensaio de lixiviação e solubilização (NBR 10005/10006) no cenário de uso — confirma que não transfere contaminante à água.
