"id";"frente";"verso";"tags";"objetivo";"aula";"dificuldade";"fonte"
"mineralogia-m10-fb001";"O que são polimorfos?";"Estruturas cristalinas diferentes de uma mesma composição química; cada uma é uma espécie mineral própria.";"mineralogia::m10::polimorfismo";"mineralogia-m10-oa01";"mineralogia-m10-a01";"facil";"Klein & Dutrow"
"mineralogia-m10-fb002";"Calcita e aragonita são a mesma espécie mineral?";"Não: são polimorfos de CaCO₃ e, portanto, espécies diferentes.";"mineralogia::m10::polimorfismo";"mineralogia-m10-oa01";"mineralogia-m10-a01";"facil";"Nickel & Grice (1998)"
"mineralogia-m10-fb003";"Qual é o NC do Ca na calcita e na aragonita?";"6 na calcita; 9 na aragonita.";"mineralogia::m10::polimorfismo";"mineralogia-m10-oa01";"mineralogia-m10-a01";"media";"busca (PNAS 2015)"
"mineralogia-m10-fb004";"Qual é o NC do C no grafite e no diamante?";"3 no grafite (camadas); 4 no diamante (arcabouço).";"mineralogia::m10::polimorfismo";"mineralogia-m10-oa01";"mineralogia-m10-a01";"facil";"módulo 01; busca"
"mineralogia-m10-fb005";"Qual é o NC do Si no quartzo, na coesita e na estishovita?";"4 no quartzo e na coesita; 6 na estishovita.";"mineralogia::m10::polimorfismo";"mineralogia-m10-oa01";"mineralogia-m10-a01";"media";"busca (Mindat; Ross et al. 1990)"
"mineralogia-m10-fb006";"Que tendência liga o NC à densidade dos polimorfos?";"Em geral, o polimorfo de NC maior é o mais denso.";"mineralogia::m10::polimorfismo";"mineralogia-m10-oa01";"mineralogia-m10-a01";"facil";"Klein & Dutrow"
"mineralogia-m10-fb007";"Que par de polimorfos de Al₂SiO₅ contraria a tendência 'NC maior, mais denso'?";"Andaluzita (metade do Al em NC 5) é menos densa que a sillimanita (NC 4).";"mineralogia::m10::polimorfismo";"mineralogia-m10-oa01";"mineralogia-m10-a01";"dificil";"MIT 12.108; busca"
"mineralogia-m10-fb008";"Que polimorfo a pressão favorece?";"O mais denso (justificativa termodinâmica no módulo 22).";"mineralogia::m10::polimorfismo";"mineralogia-m10-oa01";"mineralogia-m10-a01";"facil";"Klein & Dutrow"
"mineralogia-m10-fb009";"Quanto a aragonita é mais densa que a calcita, aproximadamente?";"Cerca de 8% (~2,93 contra 2,71 g/cm³).";"mineralogia::m10::polimorfismo";"mineralogia-m10-oa01";"mineralogia-m10-a01";"media";"cálculo; busca"
"mineralogia-m10-fb010";"O que pirita e marcassita têm em comum, e o que as separa?";"Ambas são FeS₂, com Fe em octaedro e pares S–S; a pirita é cúbica e a marcassita, ortorrômbica.";"mineralogia::m10::polimorfismo";"mineralogia-m10-oa01";"mineralogia-m10-a01";"media";"busca (Mindat)"
"mineralogia-m10-fb011";"Quem propôs classificar as transformações polimórficas pelo mecanismo, e em que ano?";"M. J. Buerger, em 1951.";"mineralogia::m10::transformacoes";"mineralogia-m10-oa01";"mineralogia-m10-a01";"media";"IUCr Online Dictionary"
"mineralogia-m10-fb012";"Que pergunta separa uma transformação deslocativa de uma reconstrutiva?";"Alguma ligação precisa ser rompida? (não: deslocativa; sim: reconstrutiva)";"mineralogia::m10::transformacoes";"mineralogia-m10-oa01";"mineralogia-m10-a01";"facil";"Buerger (1951)"
"mineralogia-m10-fb013";"O que acontece com os poliedros numa transformação deslocativa?";"Giram ou se inclinam, continuando ligados aos mesmos vizinhos; nenhuma ligação é rompida.";"mineralogia::m10::transformacoes";"mineralogia-m10-oa01";"mineralogia-m10-a01";"facil";"Buerger (1951)"
"mineralogia-m10-fb014";"Como muda o ângulo Si–O–Si do quartzo-α para o quartzo-β?";"De cerca de 144° para cerca de 153°.";"mineralogia::m10::transformacoes";"mineralogia-m10-oa01";"mineralogia-m10-a01";"media";"busca (The Quartz Page)"
"mineralogia-m10-fb015";"Por que não existe quartzo-β à temperatura ambiente?";"A transformação α ↔ β é deslocativa, rápida e reversível: não se congela no resfriamento.";"mineralogia::m10::transformacoes";"mineralogia-m10-oa01";"mineralogia-m10-a01";"media";"busca"
"mineralogia-m10-fb016";"O que é um paramorfo?";"Cristal que conserva a forma externa de um polimorfo, mas cuja estrutura já se transformou em outro.";"mineralogia::m10::transformacoes";"mineralogia-m10-oa01";"mineralogia-m10-a01";"facil";"busca (Mindat)"
"mineralogia-m10-fb017";"Que paramorfo é comum em riolitos?";"Cristais bipiramidais de quartzo-α com o hábito do quartzo-β.";"mineralogia::m10::transformacoes";"mineralogia-m10-oa01";"mineralogia-m10-a01";"media";"busca (Mindat, quartzo-β)"
"mineralogia-m10-fb018";"O que caracteriza uma transformação reconstrutiva?";"Ligações fortes são rompidas e refeitas, e a topologia (quem se liga a quem) muda.";"mineralogia::m10::transformacoes";"mineralogia-m10-oa01";"mineralogia-m10-a01";"facil";"Buerger (1951)"
"mineralogia-m10-fb019";"Por que quartzo → coesita é reconstrutiva, se o Si fica em NC 4 nos dois?";"Os tetraedros passam a se ligar em outro padrão, o que exige romper e refazer ligações.";"mineralogia::m10::transformacoes";"mineralogia-m10-oa01";"mineralogia-m10-a01";"dificil";"Klein & Dutrow"
"mineralogia-m10-fb020";"Na transformação anatásio → rutilo, o que muda, se o Ti continua em NC 6?";"O número de arestas compartilhadas por octaedro (de 4 para 2): a rede de octaedros se refaz.";"mineralogia::m10::transformacoes";"mineralogia-m10-oa01";"mineralogia-m10-a01";"dificil";"módulo 08; Pauling (1929)"
"mineralogia-m10-fb021";"Por que as transformações reconstrutivas costumam deixar o polimorfo antigo preservado?";"Romper ligações fortes custa muita energia: são lentas e muitas vezes não acontecem quando as condições mudam.";"mineralogia::m10::transformacoes";"mineralogia-m10-oa01";"mineralogia-m10-a01";"media";"Klein & Dutrow"
"mineralogia-m10-fb022";"O que muda numa transformação de ordem-desordem?";"A distribuição dos cátions pelos sítios; o arcabouço de poliedros continua o mesmo.";"mineralogia::m10::ordem";"mineralogia-m10-oa03";"mineralogia-m10-a02";"facil";"Putnis"
"mineralogia-m10-fb023";"Que temperatura favorece a desordem de cátions?";"A temperatura alta.";"mineralogia::m10::ordem";"mineralogia-m10-oa03";"mineralogia-m10-a02";"facil";"Putnis"
"mineralogia-m10-fb024";"Que efeito tem o resfriamento rápido sobre o grau de ordem?";"Congela a desordem de alta temperatura.";"mineralogia::m10::ordem";"mineralogia-m10-oa03";"mineralogia-m10-a02";"facil";"Putnis"
"mineralogia-m10-fb025";"Por que um cristal ordena mal quando esfria depressa?";"Ordenar exige saltos de difusão, que ficam lentos com a queda de temperatura.";"mineralogia::m10::ordem";"mineralogia-m10-oa03";"mineralogia-m10-a02";"media";"Putnis"
"mineralogia-m10-fb026";"O que é ordem convergente?";"Sítios equivalentes na desordem deixam de sê-lo com a ordem, e a simetria diminui.";"mineralogia::m10::ordem";"mineralogia-m10-oa03";"mineralogia-m10-a02";"dificil";"Carpenter; Putnis"
"mineralogia-m10-fb027";"Por que a ordem Fe/Mg do ortopiroxênio não muda a simetria do cristal?";"Porque M1 e M2 já são sítios diferentes: a ordem é não convergente e só muda a proporção de cada cátion em cada sítio.";"mineralogia::m10::ordem";"mineralogia-m10-oa03";"mineralogia-m10-a02";"dificil";"Carpenter; Putnis"
"mineralogia-m10-fb028";"Como Ca e Mg se arranjam na dolomita?";"Em camadas alternadas, perpendiculares ao eixo c.";"mineralogia::m10::ordem";"mineralogia-m10-oa03";"mineralogia-m10-a02";"facil";"busca (Minerals 2023)"
"mineralogia-m10-fb029";"Quanto Al há, em média, em cada sítio T da sanidina?";"0,25 (1 Al distribuído ao acaso por 4 sítios T).";"mineralogia::m10::feldspato";"mineralogia-m10-oa03";"mineralogia-m10-a02";"media";"busca (Mindat)"
"mineralogia-m10-fb030";"Onde fica o Al no ortoclásio?";"Concentrado nos sítios T1, igualmente em T1o e T1m (por isso é monoclínico).";"mineralogia::m10::feldspato";"mineralogia-m10-oa03";"mineralogia-m10-a02";"dificil";"busca (Mindat); curso-geologia-avancado m40"
"mineralogia-m10-fb031";"Onde fica o Al no microclínio?";"Quase todo num único sítio, T1o (por isso é triclínico).";"mineralogia::m10::feldspato";"mineralogia-m10-oa03";"mineralogia-m10-a02";"media";"busca (Mindat)"
"mineralogia-m10-fb032";"Em que tipo de rocha se espera sanidina, e por quê?";"Em rocha vulcânica: o resfriamento rápido congela a desordem de Al e Si.";"mineralogia::m10::feldspato";"mineralogia-m10-oa03";"mineralogia-m10-a02";"media";"busca (Mindat)"
"mineralogia-m10-fb033";"Que macla nasce da passagem do K-feldspato monoclínico para o microclínio?";"A macla em grade, uma macla de transformação.";"mineralogia::m10::feldspato";"mineralogia-m10-oa03";"mineralogia-m10-a02";"media";"Klein & Dutrow"
"mineralogia-m10-fb034";"No ortopiroxênio, que cátion prefere o sítio M2?";"O Fe²⁺.";"mineralogia::m10::piroxenio";"mineralogia-m10-oa03";"mineralogia-m10-a02";"facil";"Stimpfl, Ganguly & Molin (2005)"
"mineralogia-m10-fb035";"Para que serve o grau de ordem Fe/Mg de um ortopiroxênio?";"Como velocímetro de resfriamento da rocha.";"mineralogia::m10::piroxenio";"mineralogia-m10-oa03";"mineralogia-m10-a02";"media";"Stimpfl, Ganguly & Molin (2005)"
"mineralogia-m10-fb036";"Em que faixa de temperatura a distribuição Fe/Mg do ortopiroxênio 'congela', para taxas de 1 a 10⁴ °C por milhão de anos?";"Entre cerca de 300 e 400 °C.";"mineralogia::m10::piroxenio";"mineralogia-m10-oa03";"mineralogia-m10-a02";"dificil";"LPSC 2006; Ganguly"
"mineralogia-m10-fb037";"O que são politipos?";"Estruturas de camadas iguais que diferem só na sequência de empilhamento; caso particular de polimorfismo.";"mineralogia::m10::politipos";"mineralogia-m10-oa02";"mineralogia-m10-a03";"facil";"Guinier et al. (1984)"
"mineralogia-m10-fb038";"Que parâmetro de cela muda de um politipo para outro?";"O c, que cresce com o número de camadas da repetição; a e b ficam quase iguais.";"mineralogia::m10::politipos";"mineralogia-m10-oa02";"mineralogia-m10-a03";"media";"Guinier et al. (1984)"
"mineralogia-m10-fb039";"O que indicam o número e a letra do símbolo de Ramsdell?";"O número de camadas na repetição e o sistema (ou o retículo R) da estrutura.";"mineralogia::m10::politipos";"mineralogia-m10-oa02";"mineralogia-m10-a03";"facil";"Guinier et al. (1984)"
"mineralogia-m10-fb040";"Por que a sequência AA não ocorre num empilhamento compacto?";"As esferas de uma camada ficariam sobre as da outra, sem encaixe nos vãos.";"mineralogia::m10::politipos";"mineralogia-m10-oa02";"mineralogia-m10-a03";"facil";"módulo 08"
"mineralogia-m10-fb041";"Qual é o politipo da esfalerita e o da wurtzita?";"Esfalerita: 3C. Wurtzita: 2H.";"mineralogia::m10::politipos";"mineralogia-m10-oa02";"mineralogia-m10-a03";"media";"busca (Mindat)"
"mineralogia-m10-fb042";"Qual é o politipo mais comum na moissanita (SiC) natural?";"O 6H.";"mineralogia::m10::politipos";"mineralogia-m10-oa02";"mineralogia-m10-a03";"media";"busca (Shiryaev et al.)"
"mineralogia-m10-fb043";"Qual é o politipo mais comum da muscovita?";"O 2M₁.";"mineralogia::m10::politipos";"mineralogia-m10-oa02";"mineralogia-m10-a03";"media";"busca (Rieder et al. 1998)"
"mineralogia-m10-fb044";"Qual é o parâmetro c aproximado de uma mica 3T, e por quê?";"Cerca de 30 Å: três lâminas de ~10 Å na repetição.";"mineralogia::m10::politipos";"mineralogia-m10-oa02";"mineralogia-m10-a03";"media";"Rieder et al. (1998)"
"mineralogia-m10-fb045";"Como a IMA trata os politipos?";"Não como espécies distintas: nome da espécie + sufixo do politipo (muscovita-2M₁).";"mineralogia::m10::politipos";"mineralogia-m10-oa02";"mineralogia-m10-a03";"facil";"Nickel & Grice (1998)"
"mineralogia-m10-fb046";"Que exceção histórica há à regra da IMA para politipos?";"Esfalerita e wurtzita, mantidas como duas espécies.";"mineralogia::m10::politipos";"mineralogia-m10-oa02";"mineralogia-m10-a03";"media";"Bailey (1977)"
"mineralogia-m10-fb047";"Por que os politipos e as falhas de empilhamento são tão frequentes?";"Os politipos diferem pouco em energia; nas estruturas OD as camadas se encaixam em mais de um modo equivalente.";"mineralogia::m10::politipos";"mineralogia-m10-oa02";"mineralogia-m10-a03";"dificil";"Putnis"
"mineralogia-m10-fb048";"Qual é a controvérsia sobre a lonsdaleíta?";"Se existe como material próprio ('diamante 2H') ou é diamante cúbico com maclas e falhas de empilhamento (Németh et al., 2014).";"mineralogia::m10::politipos";"mineralogia-m10-oa02";"mineralogia-m10-a03";"dificil";"Németh et al. (2014)"
"mineralogia-m10-fb049";"O que o vidro de sílica conserva da estrutura do quartzo?";"A ordem de curto alcance: tetraedros SiO₄ ligados por vértices, cada O entre dois Si.";"mineralogia::m10::amorfos";"mineralogia-m10-oa04";"mineralogia-m10-a04";"media";"Zachariasen (1932)"
"mineralogia-m10-fb050";"Que modelo descreve o vidro de sílica como rede sem periodicidade?";"A rede aleatória contínua de Zachariasen (1932).";"mineralogia::m10::amorfos";"mineralogia-m10-oa04";"mineralogia-m10-a04";"media";"Zachariasen (1932)"
"mineralogia-m10-fb051";"Como um sólido amorfo aparece na difração de raios X?";"Com um ou dois halos largos, sem reflexões nítidas.";"mineralogia::m10::amorfos";"mineralogia-m10-oa04";"mineralogia-m10-a04";"facil";"Klein & Dutrow"
"mineralogia-m10-fb052";"O que é um vidro diaplético?";"Cristal amorfizado por choque no estado sólido: isotrópico e com a forma do grão original.";"mineralogia::m10::amorfos";"mineralogia-m10-oa04";"mineralogia-m10-a04";"dificil";"busca (Science Advances 2025)"
"mineralogia-m10-fb053";"O que é lechatelierita?";"Vidro de sílica quase puro, formado em fulguritos (raios) e em impactos.";"mineralogia::m10::amorfos";"mineralogia-m10-oa04";"mineralogia-m10-a04";"media";"busca"
"mineralogia-m10-fb054";"O que distingue a opala-CT da opala-A?";"A opala-CT tem ordem parcial (domínios de cristobalita e tridimita mal empilhados); a opala-A é amorfa aos raios X.";"mineralogia::m10::amorfos";"mineralogia-m10-oa04";"mineralogia-m10-a04";"media";"módulo 02; Mindat"
"mineralogia-m10-fb055";"O que é um mineral metamíctico?";"Mineral que nasceu cristalino e perdeu a ordem de longo alcance por dano de radiação, mantendo a forma externa.";"mineralogia::m10::metamictico";"mineralogia-m10-oa04";"mineralogia-m10-a04";"facil";"Ewing (1994)"
"mineralogia-m10-fb056";"Que elementos causam a metamictização, e por que processo?";"U e Th, pelo decaimento alfa.";"mineralogia::m10::metamictico";"mineralogia-m10-oa04";"mineralogia-m10-a04";"facil";"Ewing et al. (2003)"
"mineralogia-m10-fb057";"Na metamictização, quem faz o maior estrago: a partícula alfa ou o núcleo de recuo?";"O núcleo de recuo, que perde quase toda a energia em colisões num percurso de 30–40 nm.";"mineralogia::m10::metamictico";"mineralogia-m10-oa04";"mineralogia-m10-a04";"media";"Ewing et al. (2003)"
"mineralogia-m10-fb058";"Quanto um zircão totalmente metamíctico pode perder de densidade?";"Cerca de 17%.";"mineralogia::m10::metamictico";"mineralogia-m10-oa04";"mineralogia-m10-a04";"media";"Ewing et al. (2003)"
"mineralogia-m10-fb059";"O que acontece com um mineral metamíctico aquecido?";"Tende a recristalizar (recozimento), recuperando a estrutura original.";"mineralogia::m10::metamictico";"mineralogia-m10-oa04";"mineralogia-m10-a04";"facil";"Ewing (1994)"
"mineralogia-m10-fb060";"Quem criou o termo 'metamíctico', e quando?";"W. C. Brøgger, em 1893.";"mineralogia::m10::metamictico";"mineralogia-m10-oa04";"mineralogia-m10-a04";"media";"Ewing (1994)"
"mineralogia-m10-fb061";"Em que condição a IMA aceita uma substância metamíctica como mineral?";"Se o material era um mineral cristalino de mesma composição antes do dano (Nickel, 1995).";"mineralogia::m10::metamictico";"mineralogia-m10-oa04";"mineralogia-m10-a04";"media";"Nickel (1995)"
"mineralogia-m10-fb062";"Qual é a diferença entre 'estável' e 'duradouro'?";"Estável diz para onde o sistema iria com tempo ilimitado (termodinâmica); duradouro diz quão depressa ele chega lá (cinética).";"mineralogia::m10::metaestabilidade";"mineralogia-m10-oa05";"mineralogia-m10-a05";"media";"Putnis"
"mineralogia-m10-fb063";"O que é uma forma metaestável?";"Forma que não é a de menor energia, mas não se transforma porque precisa vencer uma barreira.";"mineralogia::m10::metaestabilidade";"mineralogia-m10-oa05";"mineralogia-m10-a05";"facil";"Putnis"
"mineralogia-m10-fb064";"O que é histerese numa transformação?";"O atraso que faz a transformação ocorrer em temperaturas (ou pressões) diferentes na ida e na volta, ou não ocorrer na volta.";"mineralogia::m10::metaestabilidade";"mineralogia-m10-oa05";"mineralogia-m10-a05";"media";"Putnis"
"mineralogia-m10-fb065";"Em que tipo de transformação a histerese é grande, e por quê?";"Na reconstrutiva: romper ligações fortes exige vencer uma barreira alta.";"mineralogia::m10::metaestabilidade";"mineralogia-m10-oa05";"mineralogia-m10-a05";"media";"Putnis"
"mineralogia-m10-fb066";"Por que a aragonita de conchas antigas costuma ter virado calcita?";"Por neomorfismo: em presença de água, na diagênese, a aragonita metaestável é trocada pela calcita.";"mineralogia::m10::metaestabilidade";"mineralogia-m10-oa05";"mineralogia-m10-a05";"media";"Biogeosciences 14 (2017)"
"mineralogia-m10-fb067";"O que é devitrificação?";"A cristalização lenta de um vidro ao longo do tempo.";"mineralogia::m10::metaestabilidade";"mineralogia-m10-oa05";"mineralogia-m10-a05";"facil";"busca (Britannica)"
"mineralogia-m10-fb068";"Quão antiga pode ser uma obsidiana inalterada?";"Não se conhece obsidiana inalterada mais antiga que o Cretáceo.";"mineralogia::m10::metaestabilidade";"mineralogia-m10-oa05";"mineralogia-m10-a05";"media";"Britannica; Oregon State"
"mineralogia-m10-fb069";"O que diz a regra dos estágios de Ostwald?";"Que, numa precipitação, a fase menos estável tende a aparecer primeiro, e as mais estáveis depois; é tendência, não lei.";"mineralogia::m10::metaestabilidade";"mineralogia-m10-oa05";"mineralogia-m10-a05";"media";"busca"
"mineralogia-m10-fb070";"O que a coesita numa rocha crustal registra?";"Passagem por pressões muito altas e retorno sem reversão completa a quartzo.";"mineralogia::m10::metaestabilidade";"mineralogia-m10-oa05";"mineralogia-m10-a05";"media";"módulo 03; Chopin (1984)"
