O que caracteriza um modelo geológico 3D em oposição a um mapa ou seção 2D?;Uma representação digital do subsolo em que cada unidade geológica tem posição, forma e volume no espaço 3D, permitindo cálculos diretos (volume, tonelagem, interseção, distância) e extração consistente de qualquer seção.
Cite três aplicações práticas de modelos geológicos 3D na indústria mineral e engenharia.;Exploração e avaliação de recursos (domínios geológicos para estimativa de teores); geologia do petróleo (modelos de reservatório para simulação de fluidos); geotecnia (subsuperfície urbana e taludes); hidrogeologia (aquíferos e fluxo subterrâneo); cartografia geológica regional; pesquisa estrutural.
Qual é a diferença entre modelagem explícita e implícita em alto nível?;Explícita: o geólogo desenha a geometria manualmente (seções interpretadas → triangulação → wireframe), o julgamento entra em cada traço. Implícita: um algoritmo de interpolação calcula a superfície a partir de dados brutos (pontos de contato, atitudes estruturais) e parâmetros do geólogo.
Quando é preferível usar modelagem explícita?;Em depósitos com geometria sinuosa e controle estrutural discreto (veios, zonas de cisalhamento), onde o julgamento geológico fino sobre continuidade entre furos supera uma interpolação genérica.
Quando é preferível usar modelagem implícita?;Em depósitos disseminados com limite de teor gradual (como pórfiros) ou quando há equipe pequena e muitos furos a atualizar frequentemente, aceitando confiança nos parâmetros do algoritmo.
O que é um {{wireframe}} e qual é seu papel na modelagem explícita?;Um sólido fechado construído pela triangulação de contatos interpretados em seções, a forma mais tradicional de representar um domínio geológico em 3D.
Cite uma vantagem e uma limitação da modelagem 3D frente à interpretação em seções 2D.;Vantagem: garantia de consistência geométrica e cálculos diretos de volume/tonelagem. Limitação: exige volume de dado proporcional à complexidade geológica; falsa sensação de certeza visual.
Qual é a equivalência matemática entre o método do campo potencial e uma técnica geoestatística?;O cálculo do campo potencial é matematicamente equivalente a uma cokrigagem universal entre o potencial (observado de forma relativa em pontos de contato) e seu gradiente (observado em dados de orientação/atitude).
O que é cokrigagem?;Generalização da krigagem para duas ou mais variáveis correlacionadas estimadas em conjunto, exigindo uma covariância cruzada que descreva como as variáveis variam juntas no espaço.
Por que o Módulo 22 precisa definir cokrigagem se o Módulo 20 já a trata?;Porque o Módulo 20 declara cokrigagem explicitamente FORA DE SEU ESCOPO, de modo que o Módulo 22 não pode pressupo-la e deve defini-la no próprio texto.
Cite dois algoritmos de modelagem implícita diferentes do método do campo potencial.;RBF (Radial Basis Functions) — base do Leapfrog; DSI (Discrete Smooth Interpolation) — base do GOCAD.
Em modelagem implícita, qual é a diferença entre representar uma falha como descontinuidade versus como limite de bloco?;Descontinuidade: a falha interrompe a correlação espacial dentro de um único campo potencial (Calcagno et al., GeoModeller). Limite de bloco: a rede de falhas parte o volume em blocos modelados independentemente (Leapfrog e mineração), deixando blocos com poucos dados tão bem modelados quanto o algoritmo permite.
O que é uma {{dobra}} no contexto de modelagem implícita estendida?;Uma superfície curva que viola a suposição de suavidade monótona do campo potencial simples, resolvida por formulações que constroem um referencial de dobra sobre a superfície axial e o eixo da dobra (Laurent et al., 2016).
Qual propriedade estrutural NÃO faz parte do referencial de dobra de Laurent et al. (2016)?;Vergência não é um dos elementos; o referencial é construído sobre a superfície axial e o eixo da dobra, descrevendo geometria por ângulos de rotação.
Como se integra o teor (atributo geoquímico) a um modelo geológico 3D já construído?;Usando a lógica de domínio rígido/suave do Módulo 21 — o teor povoa o domínio geométrico modelado. Um erro de geometria implícita mal restringida se propaga como erro de teor, sem defeito aparente no sistema de krigagem.
O que é uma grade de inversão geofísica?;Uma representação em 3D de uma propriedade física contínua (densidade, susceptibilidade, resistividade) calculada por um algoritmo de inversão geofísica que honra os dados medidos segundo critérios de regularização.
De que forma um modelo de inversão geofísica difere de um modelo geológico?;Difere em resolução/escala de célula, em não unicidade da solução, e na definição de "contato" — propriedade contínua com transições suavizadas pela regularização versus unidades geológicas com fronteiras nítidas por definição.
Qual é o erro conceitual mais comum ao comparar modelo geológico com modelo geofísico de inversão?;Exigir coincidência exata entre os dois modelos, quando na verdade têm resoluções e definições de "contato" diferentes por construção; forçar a coincidência produz confiança falsa em vez de validação real.
Por que a pergunta "o limite entre minério e encaixante é uma superfície física real ou uma convenção de teor de corte?" é fundamental para escolher a estratégia de modelagem?;Porque ela prevê a estratégia de modelagem melhor do que a classe genética do depósito — superfícies físicas discretas permitem modelagem explícita, limites de teor gradual favorecem implícita.
Descreva a geometria típica de um depósito em veio de ouro orogênico.;Tabular estreito e sinuoso (espessura de poucos a poucas dezenas de metros, continuidade de centenas de metros a poucos quilômetros), com sinuosidade controlada pela estrutura hospedeira, favorecendo modelagem explícita.
Qual é o controle geométrico primário de um depósito porfirítico de cobre?;A forma do stock hospedeiro; o corpo de minério acompanha essa forma, sendo verticalmente alongado (>3 km no sistema) e aproximadamente equidimensional {{em planta}} (centenas de metros a poucos quilômetros de diâmetro).
Qual é a forma do casco de minério num pórfiro de cobre quando visto em seção?;Sino ou taça invertida encapando um núcleo de teor mais baixo — não "funil invertido".
Como Sillitoe (2010) descreve o zoneamento de alteração hidrotermal em um pórfiro?;Predominantemente {{vertical}}, empilhado de baixo para cima: sódico-cálcica, potássica, clorita-sericita, sericítica, argílica avançada; propilítica distal em níveis profundos; lythocap argílico avançado pode exceder 1 km de espessura.
Por que o zoneamento vertical de alteração em pórfiro é geneticamente significativo?;É a assinatura de um fluido que evolui ao subir e resfriar, não de afastamento radial a partir de um centro (modelo histórico de Lowell & Guilbert 1970).
Qual é a diferença entre um depósito estratiforme e um estratabound?;Estratiforme: o corpo é uma camada genuína (Cu sedimentar, recifes de EGP tipo Merensky/J-M). Estratabound: confinado a uma unidade estratigráfica mas discordante dentro dela (MVT em brechas de colapso, VMS com stockwork alimentadora discordante).
O que caracteriza um depósito tipo Mississippi Valley (MVT)?;É {{estratabound}}, discordante em escala de depósito (hospedado em brechas de colapso e cavidades de dissolução), mas confinado a uma unidade estratigráfica em escala de distrito — não é estratiforme.
Que tipos de depósitos Ni-Cu-EGP existem, e qual é sua geometria respectiva?;Conduto e contato basal: {{pipe}} (corpo equidimensional/subvertical). Recife (Merensky, UG2, J-M): {{estratiforme}} (corpo tabular de centímetros a poucos metros de espessura com continuidade lateral de dezenas a centenas de quilômetros).
Por que não se pode dizer que "Ni-Cu-EGP tem geometria de pipe"?;Porque a classe genética não fixa a geometria sozinha — o mecanismo de alojamento determina. Depósitos de recife de EGP em intrusões acamadadas são estratiformes, não pipe.
Como é classificado um depósito de ouro em veio orogênico: estratiforme, estratabound ou equidimensional?;Vetorial ou tabular estreito — nenhuma das três categorias aplicáveis para depósitos em contato com superfícies físicas discretas e controle estrutural pronunciado.
Qual é o critério unificador das quatro famílias geométricas de depósitos (vetorial, disseminado, estratiforme/estratabound, equidimensional/pipe)?;A {{natureza física do limite entre minério e encaixante}} — superfície litológica nítida, limite de teor gradual, limite estratigráfico com discordância, ou contato abrupto bem definido.
Cite um depósito real para cada uma das quatro famílias geométricas.;Vetorial: ouro em veio orogênico. Disseminado: pórfiro de Cu-Mo-Au. Estratiforme: cobre sedimentar do Cinturão da Zâmbia. Estratabound: MVT tipo Mississippi. Equidimensional: kimberlito, brecha/diatrema.
Em que contexto a modelagem híbrida (estratigrafia regional implícita, detalhe paleoambiental explícito) é apropriada?;Em depósitos controlados pela estratigrafia, onde a geometria regional é melhor servida por modelagem implícita mas o detalhe de fácies e ambiente de deposição requer revisão explícita.
O que significa testar uma interpretação metalogenética usando um modelo geológico 3D?;Transformar a narrativa qualitativa sobre como o depósito se formou em objetos com posição e forma num volume, obrigando a interpretação a fazer previsões espaciais verificáveis e criando condições para que ela falhe, se for falsa.
Cite os quatro componentes do sistema mineral de McCuaig & Hronsky (2014).;Fonte, transporte, deposição e preservação — a estrutura sobre a qual o teste incide.
Qual é a diferença conceitual entre um modelo 3D {{descritivo}} e um modelo {{de teste}}?;Descritivo: volume, teor, planejamento (Aula 04). Teste: ferramenta para checar a hipótese sobre como o depósito se formou, tornando a geometria verificável (Aula 05).
Cite os três testes que a construção de um modelo 3D viabiliza para uma interpretação metalogenética.;"(1) Coerência entre geometria do corpo e hipótese de caminho de transporte. (2) Extrapolação da relação corpo-controle para alvos não perfurados (barato de checar por sondagem). (3) Consistência do zoneamento observado com o mecanismo de deposição proposto."
Qual dos três testes metalogenéticos tem {{menor}} assimetria entre refutação e confirmação?;O teste 2 (extrapolação para alvo não perfurado) — a previsão poderia ter falhado, e uma confirmação vale como evidência a favor de um modo que a compatibilidade retrospectiva não vale.
Por que os testes 1 e 3 têm assimetria {{acentuada}} entre refutação e confirmação?;Porque conferem a hipótese contra dado já observado; a coincidência geométrica é fácil de obter e compatível com muitas hipóteses, produzindo evidência contra com mais força do que a favor.
Como a formulação de Wei et al. (2026) caracteriza uma hipótese de forma de corpo mineralizado?;Como um objeto {{falsificável}} — o dado independente (furos, geofísica) cumpre papel de refutação, não apenas de confirmação.
Qual é a questão madura de teste em vez de "o modelo é compatível com minha interpretação?"?;"Que geometria eu veria se minha interpretação estivesse errada, e é isso que estou vendo?" — buscando refutação em vez de confirmação."
Cite as três fontes de incerteza que se somam em um modelo geológico 3D.;Incerteza de dado (densidade/distribuição de furos, seções, atitudes); incerteza de interpretação (julgamento geológico distinto entre intérpretes competentes); incerteza de algoritmo (parâmetros de interpolação).
O que são {{realizações múltiplas}} de um modelo geológico 3D?;Um conjunto de geometrias alternativas igualmente compatíveis com o dado observado, perturbando parâmetros de interpretação e de algoritmo — tornam visível onde a incerteza é alta como uma nuvem de superfícies.
Por que uma única superfície suave e bem renderizada mascara a incerteza geométrica real?;Porque a suavidade do algoritmo preenche automaticamente zonas de baixa densidade de dado, dando aparência de precisão a regiões que são principalmente interpolação, não dado real.
Que atitude não devemos tomar ao comparar modelo geológico com dados geofísicos que não confirmam a extensão projetada?;Não forçar coincidência (produz confiança falsa) nem descartar o modelo (eliminando informação); marcar o trecho como especulativo e buscar dado adicional discriminante.
Qual é o fio condutor que percorre todo o Módulo 22?;Uma superfície suave e visualmente convincente não distingue, por si, entre a parte sustentada por dado e a parte que é produto da suavidade do algoritmo — tornar essa distinção explícita é o que separa o uso maduro da modelagem 3D do ingênuo.
Cite dois softwares comerciais de modelagem geológica 3D orientados à mineração.;Leapfrog (Seequent/Bentley, modelagem implícita por RBF); Datamine Studio RM; Micromine; Vulcan (Maptek).
Cite dois softwares comerciais orientados a geologia estrutural e petróleo.;"SKUA-GOCAD (hoje Aspen SKUA da AspenTech, interpolação suave discreta); Move (Petroleum Experts, restauração de seções); Petrel (SLB, modelagem de reservatório)."
Que técnica de interpolação o Leapfrog utiliza como base de sua modelagem implícita?;RBF (Radial Basis Functions / Funções de Base Radial) — que interpolam uma superfície suave que honra dados de entrada.
Que técnica o GOCAD originou e que hoje está na base de vários algoritmos implícitos?;DSI (Discrete Smooth Interpolation / Interpolação Suave Discreta) — formulada por Mallet em 1989, popularizada em 1992 no projeto GOCAD.
Em que instituição o GOCAD foi iniciado, e quando?;Na École Nationale Supérieure de Géologie (ENSG) de Nancy, França, em 1989, como projeto acadêmico de Jean-Laurent Mallet e seu grupo.
Para qual empresa o SKUA-GOCAD foi transferido em maio de 2022?;Para a AspenTech — que adquiriu esse negócio da Emerson (que o havia adquirido junto com a Paradigm em 2019).
Cite uma ferramenta livre/código aberto de modelagem geológica 3D e sua instituição.;GemPy (RWTH Aachen, Alemanha) — biblioteca Python de código aberto; Loop3D (consórcio internacional); SGeMS (Universidade de Stanford, focado em simulação geoestatística).
Qual é a vantagem de uma ferramenta livre em relação a um pacote comercial fechado para modelagem geológica 3D?;Acesso ao algoritmo, reprodutibilidade total do código, e independência de licenças — essencial em pesquisa acadêmica.
Qual é o principal {{desvantagem}} de usar uma ferramenta livre em vez de um pacote comercial consolidado?;Integração reduzida com o resto do fluxo de trabalho de recursos (os pacotes comerciais de mineração cobrem geoestatística, modelagem e avaliação numa suíte única).
O que significa que um modelo 3D é "testável por operações geométricas"?;Que operações como calcular volume, testar interseção de domínios, calcular distância a superfícies, ou simular escavação são diretas sobre o modelo, não estimativas aproximadas mentais feitas a partir de seções.
Qual é a progressão lógica que conecta as seis aulas do Módulo 22?;Definições/softwares (A01) → algoritmos (A02) → atributos/inversão (A03) → geometria/estratégia (A04) → teste metalogenético (A05) → incerteza/crítica (A06).
